sample_id,snr_db,fiber_length_km,class,class_name,location_km,reflectance_db,loss_db
compound_00000,8.052038085040024,22.47286659922033,6,pc_connector,3.6109277270254045,-12.810181181736843,0.8457439210558486
compound_00000,8.052038085040024,22.47286659922033,2,bad_splice,3.6659890078910373,,1.915579567966587
compound_00001,5.281552299786718,33.74412361753246,2,bad_splice,8.837231973802336,,2.415670489960845
compound_00001,5.281552299786718,33.74412361753246,1,fiber_tapping,8.88891278292615,,0.055826048671920196
compound_00001,5.281552299786718,33.74412361753246,2,bad_splice,4.825837175663381,,1.2233673020200226
compound_00002,3.0486508884390187,21.037648679125034,7,reflector,9.599142567690816,-48.53548288001908,0.4945499788292085
compound_00002,3.0486508884390187,21.037648679125034,2,bad_splice,2.7202113490616,,1.5142482351879096
compound_00003,-1.5810683255967026,30.795416642092164,4,dirty_connector,8.32158991024107,,3.6941597176571523
compound_00003,-1.5810683255967026,30.795416642092164,4,dirty_connector,8.316435628510263,,2.892945139714176
compound_00003,-1.5810683255967026,30.795416642092164,1,fiber_tapping,15.545179314104908,,0.32855643487338515
compound_00004,10.595992737127917,8.617927890574425,2,bad_splice,3.688624265667457,,0.6784349471931055
compound_00004,10.595992737127917,8.617927890574425,6,pc_connector,3.6796687205245284,-12.380280951395578,0.5682774731799352
compound_00004,10.595992737127917,8.617927890574425,3,bending,5.352927505669637,,5.343356613693925
compound_00005,9.471839227469166,30.6010713315213,6,pc_connector,6.210128564552207,-13.78745722526803,1.19669971161584
compound_00005,9.471839227469166,30.6010713315213,3,bending,6.264204379164552,,0.6605545853754018
compound_00005,9.471839227469166,30.6010713315213,7,reflector,17.159021976073923,-46.935176002257805,0.18979300138736377
compound_00006,7.255259700913603,35.157147379900294,3,bending,19.993627151133254,,3.4574232184533504
compound_00006,7.255259700913603,35.157147379900294,1,fiber_tapping,11.160461758383914,,0.07635735851033539
compound_00007,-3.178142933018181,7.323420315006343,3,bending,1.7580459885150401,,4.271541545140914
compound_00007,-3.178142933018181,7.323420315006343,1,fiber_tapping,1.747383723442737,,0.3237273482605703
compound_00007,-3.178142933018181,7.323420315006343,6,pc_connector,5.413072703396531,-11.688559523540254,0.23587045325099917
compound_00008,12.759744587174588,25.191919894227716,2,bad_splice,6.457910512846231,,1.3217246383859091
compound_00008,12.759744587174588,25.191919894227716,4,dirty_connector,12.419684928152945,,2.4218923648034307
compound_00009,19.46595467978353,11.607208633360704,1,fiber_tapping,3.0375591827552033,,0.12213027315059187
compound_00009,19.46595467978353,11.607208633360704,2,bad_splice,2.1302972080708815,,2.2616672739024892
compound_00009,19.46595467978353,11.607208633360704,3,bending,1.8138385497027423,,2.213318037127433
compound_00010,5.568561407923205,11.981533898651744,4,dirty_connector,3.2546066250607777,,2.5030782343100793
compound_00010,5.568561407923205,11.981533898651744,2,bad_splice,5.887425473628043,,1.869186273338619
compound_00011,18.704383870058017,5.5726856057750815,6,pc_connector,0.9940087837558138,-11.40814485278561,1.4345129502074716
compound_00011,18.704383870058017,5.5726856057750815,3,bending,1.5420013031525703,,0.6304119249395008
compound_00012,19.058220557911227,37.89344319506038,3,bending,14.183212922152704,,5.365818823311027
compound_00012,19.058220557911227,37.89344319506038,4,dirty_connector,14.130729085419949,,0.8623343909006843
compound_00013,5.068515330055019,8.444318743220894,2,bad_splice,5.022047853142938,,1.0444740591755326
compound_00013,5.068515330055019,8.444318743220894,6,pc_connector,5.035353895967236,-11.06959059112938,0.5939278999565976
compound_00013,5.068515330055019,8.444318743220894,7,reflector,6.519877308639915,-46.79236370834171,0.2447929565225655
compound_00014,3.4301998303710928,21.66052818469047,7,reflector,7.058822596560772,-52.29391665444309,0.2298609650608105
compound_00014,3.4301998303710928,21.66052818469047,6,pc_connector,18.477003347633293,-11.236136000027768,0.5709054765407666
compound_00014,3.4301998303710928,21.66052818469047,4,dirty_connector,18.94473893727606,,2.891423839745425
compound_00015,1.9446090672553726,28.97912441164865,4,dirty_connector,8.159272616069547,,2.102582027296238
compound_00015,1.9446090672553726,28.97912441164865,7,reflector,8.218064420294251,-48.176845466619156,0.2985991316784941
compound_00016,2.9120793360159007,16.59644894278603,3,bending,4.0060284136764714,,3.5802210679951423
compound_00016,2.9120793360159007,16.59644894278603,7,reflector,4.0394918917013785,-53.370673668255634,0.7730005478989848
compound_00017,10.156721275923909,30.080638242615553,7,reflector,9.273297320060783,-44.408264244953926,0.18805748149329587
compound_00017,10.156721275923909,30.080638242615553,2,bad_splice,13.639043393612873,,0.8513065527866217
compound_00017,10.156721275923909,30.080638242615553,2,bad_splice,9.296976020541452,,0.5669709827260152
compound_00018,2.4749388701419335,33.01576910538522,7,reflector,9.201739655482013,-53.820245405263485,0.256542448165977
compound_00018,2.4749388701419335,33.01576910538522,2,bad_splice,19.475153083854174,,1.5464815681123936
compound_00018,2.4749388701419335,33.01576910538522,1,fiber_tapping,25.74703901563316,,0.381318160666161
compound_00019,0.9205144650114283,38.98684280707314,7,reflector,16.72740820425572,-43.14929222077946,0.4730252679690753
compound_00019,0.9205144650114283,38.98684280707314,4,dirty_connector,25.68130922157669,,2.142397004658368
compound_00020,16.44636510167296,9.211570817064995,1,fiber_tapping,4.082815100778339,,0.17746409416468456
compound_00020,16.44636510167296,9.211570817064995,1,fiber_tapping,4.0462492644394725,,0.3650686841124907
compound_00020,16.44636510167296,9.211570817064995,6,pc_connector,4.104314033542715,-13.292714752639691,1.48489252610001
compound_00021,7.331078984567458,39.275826223822705,6,pc_connector,17.348423975788684,-11.295684790847282,0.34090915881415856
compound_00021,7.331078984567458,39.275826223822705,3,bending,15.283903479511423,,5.418394079904267
compound_00021,7.331078984567458,39.275826223822705,1,fiber_tapping,17.288445369847825,,0.3359296697406945
compound_00022,17.678986574194827,24.48857389738617,3,bending,6.325412815606935,,3.7152024081305037
compound_00022,17.678986574194827,24.48857389738617,6,pc_connector,10.605688038706639,-12.745747605331461,0.5408837830209068
compound_00022,17.678986574194827,24.48857389738617,1,fiber_tapping,6.289416936193208,,0.32203061786381354
compound_00023,-1.5827625821025162,33.74736134591887,2,bad_splice,9.35305176723732,,2.2271765633882863
compound_00023,-1.5827625821025162,33.74736134591887,7,reflector,9.30320545589203,-46.662968739719474,0.9825602461035202
compound_00024,8.430938826760446,21.19308132557053,2,bad_splice,2.8599390253058514,,1.185878717316822
compound_00024,8.430938826760446,21.19308132557053,1,fiber_tapping,2.8016140055211602,,0.4533543566097424
compound_00025,14.91644396231634,9.672110842217691,1,fiber_tapping,1.2728585075554033,,0.3394761875781656
compound_00025,14.91644396231634,9.672110842217691,1,fiber_tapping,3.253178561306286,,0.26935586540881523
compound_00025,14.91644396231634,9.672110842217691,1,fiber_tapping,1.1003018942586993,,0.47069546849137894
compound_00026,3.907892982077719,17.464044646931363,2,bad_splice,7.503162464508578,,0.4378844224346694
compound_00026,3.907892982077719,17.464044646931363,6,pc_connector,7.4497041641135056,-13.80127444799167,0.25788043259045584
compound_00026,3.907892982077719,17.464044646931363,4,dirty_connector,10.884581826607857,,3.9787596389709345
compound_00027,19.22792321699462,31.087731606462995,2,bad_splice,12.50463197391413,,1.3317009052442024
compound_00027,19.22792321699462,31.087731606462995,6,pc_connector,12.529108672729278,-11.497349546111272,0.28193256890401375
compound_00028,-0.9719989606206187,30.37101758034357,1,fiber_tapping,8.685497061398433,,0.25328855512305076
compound_00028,-0.9719989606206187,30.37101758034357,4,dirty_connector,21.952373554988977,,2.995593087831092
compound_00028,-0.9719989606206187,30.37101758034357,2,bad_splice,8.703373081610446,,1.1898665619216289
compound_00029,16.462774136020286,28.74972858589176,3,bending,6.901652289067327,,2.873764309378608
compound_00029,16.462774136020286,28.74972858589176,4,dirty_connector,6.842074193936444,,3.9018728383696453
compound_00030,14.017533320915163,37.61864432614001,1,fiber_tapping,9.608234594185356,,0.0661160717614431
compound_00030,14.017533320915163,37.61864432614001,6,pc_connector,9.667245564997282,-12.0988973163691,1.2894697183330666
compound_00031,16.747378362085907,12.849577539470506,1,fiber_tapping,1.2910114767109504,,0.41646817819869075
compound_00031,16.747378362085907,12.849577539470506,7,reflector,9.562755625786503,-42.43473780057008,0.4655060968643363
compound_00032,14.68805842610556,8.266388096663281,6,pc_connector,2.7638420079961286,-12.86078923154615,1.0591544840948717
compound_00032,14.68805842610556,8.266388096663281,4,dirty_connector,6.802702944235817,,2.3169826519710046
compound_00032,14.68805842610556,8.266388096663281,3,bending,2.7744296780896525,,4.030395430099432
compound_00033,5.079504799842098,39.96818909571223,1,fiber_tapping,22.374020527782974,,0.22591050223096276
compound_00033,5.079504799842098,39.96818909571223,4,dirty_connector,24.834780421757195,,3.8642804095671
compound_00033,5.079504799842098,39.96818909571223,6,pc_connector,22.34296365500426,-11.2127956578394,0.8447157695258067
compound_00034,7.575314948658983,16.332850508573472,2,bad_splice,6.257014131929145,,2.0001696867375585
compound_00034,7.575314948658983,16.332850508573472,1,fiber_tapping,6.290255711931182,,0.31715498385916746
compound_00035,0.776802660533817,19.713868239544656,2,bad_splice,8.680524225644666,,2.038602572855107
compound_00035,0.776802660533817,19.713868239544656,6,pc_connector,13.235349165896066,-12.851407519518546,0.2493837238517015
compound_00036,2.503935428945682,17.350198688306655,1,fiber_tapping,4.820658203304477,,0.18812109539777105
compound_00036,2.503935428945682,17.350198688306655,6,pc_connector,5.41110691450325,-12.039793807232941,0.8061288229666541
compound_00037,-2.4144209015187004,27.329115362045112,7,reflector,12.458941259078182,-50.49137206956803,0.718163583400003
compound_00037,-2.4144209015187004,27.329115362045112,2,bad_splice,16.732216846734083,,2.0428020265570583
compound_00037,-2.4144209015187004,27.329115362045112,1,fiber_tapping,22.89625686231665,,0.35887717110587436
compound_00038,18.04267137938469,23.286015865640195,3,bending,5.194909221830105,,4.347812708444446
compound_00038,18.04267137938469,23.286015865640195,7,reflector,5.153910980119452,-44.81003617373686,0.7068652430498746
compound_00038,18.04267137938469,23.286015865640195,2,bad_splice,15.580987336574005,,1.1659010312197262
compound_00039,14.032728431129819,20.18481785241226,2,bad_splice,3.5373170234710454,,2.0235533173850975
compound_00039,14.032728431129819,20.18481785241226,3,bending,10.93958609304594,,4.410590943199367
compound_00040,16.34283236411093,27.636086331757845,1,fiber_tapping,4.189022591149386,,0.40469458536108993
compound_00040,16.34283236411093,27.636086331757845,6,pc_connector,4.156122648545841,-11.480283852271665,0.7327878492516724
compound_00041,5.10168251366404,16.862540171707348,4,dirty_connector,7.6518888574916595,,3.8820451036351233
compound_00041,5.10168251366404,16.862540171707348,1,fiber_tapping,7.703983824158588,,0.47560271507745605
compound_00041,5.10168251366404,16.862540171707348,4,dirty_connector,7.632722251603471,,1.4515353707899779
compound_00042,8.985003872209651,38.19407487025826,4,dirty_connector,5.792105059659504,,2.0391316279792457
compound_00042,8.985003872209651,38.19407487025826,1,fiber_tapping,5.741355160252768,,0.4873836082021572
compound_00043,17.545702460463133,39.95242270185559,2,bad_splice,22.47692197387127,,1.3399336770526882
compound_00043,17.545702460463133,39.95242270185559,6,pc_connector,22.425139687744018,-11.52252315417765,1.0140539285679786
compound_00043,17.545702460463133,39.95242270185559,6,pc_connector,26.73899168700863,-12.564228247345177,0.6231692168683155
compound_00044,19.71356601261889,38.56622904463635,1,fiber_tapping,12.031039286599292,,0.4206073166986224
compound_00044,19.71356601261889,38.56622904463635,2,bad_splice,12.059912146815423,,2.6148077713617472
compound_00044,19.71356601261889,38.56622904463635,6,pc_connector,12.005540423619081,-12.399888298013943,1.4331457921323019
compound_00045,-1.543756077492743,17.12897065296451,4,dirty_connector,4.174684069616752,,2.576779597905679
compound_00045,-1.543756077492743,17.12897065296451,6,pc_connector,4.571019663782401,-13.500568047051594,1.0550096549292596
compound_00045,-1.543756077492743,17.12897065296451,1,fiber_tapping,5.753287631081852,,0.4514041711527743
compound_00046,13.952776501603275,7.159990644063731,1,fiber_tapping,3.325765391118546,,0.30177274327397957
compound_00046,13.952776501603275,7.159990644063731,2,bad_splice,1.2072527741948726,,2.2889371040728967
compound_00047,2.183863044774566,34.5696508007218,1,fiber_tapping,16.997390050858876,,0.20567545658598535
compound_00047,2.183863044774566,34.5696508007218,6,pc_connector,16.9457509344814,-13.382284518553481,1.4709302152202304
compound_00047,2.183863044774566,34.5696508007218,1,fiber_tapping,16.9665905168406,,0.07970986680830333
compound_00048,13.339122461594453,19.445022211172994,6,pc_connector,9.017038814641067,-13.706971557197157,0.8306710875738015
compound_00048,13.339122461594453,19.445022211172994,2,bad_splice,8.965624557804162,,2.3360479858839125
compound_00048,13.339122461594453,19.445022211172994,6,pc_connector,8.975123599559186,-11.623461184277895,0.6799639177937553
compound_00049,16.40691338265314,37.388032456875,7,reflector,13.840719362076321,-48.11315256851891,0.565009386455657
compound_00049,16.40691338265314,37.388032456875,2,bad_splice,33.13567156499609,,2.524765534020465
compound_00049,16.40691338265314,37.388032456875,7,reflector,8.926654814790105,-46.30120389968629,0.7068640239213744
compound_00050,15.429801182487083,13.003822442708264,7,reflector,4.761796454983197,-48.01701466841251,0.9149777727862123
compound_00050,15.429801182487083,13.003822442708264,1,fiber_tapping,4.148155814965348,,0.4119964694206834
compound_00050,15.429801182487083,13.003822442708264,3,bending,4.757617464724762,,0.6137352016498827
compound_00051,3.2352067634694404,10.890058774896586,3,bending,6.229290378951812,,4.992915090255294
compound_00051,3.2352067634694404,10.890058774896586,6,pc_connector,6.202877285908052,-11.174187637060149,0.8482069997242558
compound_00052,3.787676906894532,12.60506946712429,7,reflector,2.5996485446236726,-41.58155558137915,0.28330687348485
compound_00052,3.787676906894532,12.60506946712429,2,bad_splice,6.154290932497061,,0.927260181916858
compound_00053,9.714157585189009,39.83012816801328,3,bending,18.49209752027607,,1.5535520035808783
compound_00053,9.714157585189009,39.83012816801328,2,bad_splice,35.06282391537653,,1.503265544026764
compound_00053,9.714157585189009,39.83012816801328,6,pc_connector,27.45129489750003,-11.752211251305425,0.9135225664242441
compound_00054,9.074994386302219,34.727182702802175,6,pc_connector,17.320496343517885,-11.952756695013232,0.6380389367108303
compound_00054,9.074994386302219,34.727182702802175,1,fiber_tapping,17.342840642336206,,0.3200942745092717
compound_00054,9.074994386302219,34.727182702802175,6,pc_connector,17.37041173196061,-11.45406043192028,1.348529252809259
compound_00055,11.046922828996461,30.351201045146766,6,pc_connector,10.457116835361806,-11.82850595739521,1.0787909056511211
compound_00055,11.046922828996461,30.351201045146766,7,reflector,8.117992331418748,-44.78840673552371,0.7484024153734341
compound_00056,18.642330976355915,16.90969029778617,6,pc_connector,9.11468324607367,-12.05008189150787,1.3543368835566152
compound_00056,18.642330976355915,16.90969029778617,7,reflector,11.138298236604943,-50.11971825260653,0.6231421699862177
compound_00056,18.642330976355915,16.90969029778617,6,pc_connector,9.147549917030556,-12.741225136575526,0.31804348993261544
compound_00057,-0.8991010464517206,17.45587877555043,1,fiber_tapping,3.3949719461266934,,0.4224865610650027
compound_00057,-0.8991010464517206,17.45587877555043,4,dirty_connector,3.3851628332218135,,1.0450952941856027
compound_00057,-0.8991010464517206,17.45587877555043,6,pc_connector,6.492549643515657,-11.643234065109107,0.5576452037939896
compound_00058,15.223007523093397,9.867911184146442,3,bending,4.46980774458356,,0.5063089656746451
compound_00058,15.223007523093397,9.867911184146442,1,fiber_tapping,6.022637128657806,,0.17213218652521547
compound_00059,15.130134795662283,38.04442195903063,2,bad_splice,19.386257828569775,,2.0286546678926585
compound_00059,15.130134795662283,38.04442195903063,2,bad_splice,19.33557088505148,,2.309370451340407
compound_00060,5.7413060503402935,23.503004966083584,6,pc_connector,13.702144147326056,-11.475607866696844,0.5876699182416859
compound_00060,5.7413060503402935,23.503004966083584,4,dirty_connector,13.759730646378472,,0.5678041427413589
compound_00060,5.7413060503402935,23.503004966083584,2,bad_splice,6.520689651884938,,2.5217878838304433
compound_00061,2.451173138610634,13.843673690059218,1,fiber_tapping,5.443059338748704,,0.16236931117324352
compound_00061,2.451173138610634,13.843673690059218,4,dirty_connector,5.421392566845118,,1.928089892565671
compound_00061,2.451173138610634,13.843673690059218,3,bending,5.395625084736023,,4.490366521597862
compound_00062,18.452310367491762,17.890323383023944,3,bending,2.093459914588073,,2.996243918669945
compound_00062,18.452310367491762,17.890323383023944,7,reflector,14.346543030931922,-40.91301265326193,0.6296121996739464
compound_00063,8.16729316645771,37.97756427949693,2,bad_splice,21.619672421744202,,2.051479168905071
compound_00063,8.16729316645771,37.97756427949693,2,bad_splice,14.851450879239195,,0.3438247885414489
compound_00064,16.636636107868018,38.88451515503923,2,bad_splice,23.047839945934832,,1.157554059363955
compound_00064,16.636636107868018,38.88451515503923,2,bad_splice,23.06289236947319,,1.9277481483384378
compound_00065,-1.4399328792401755,29.69863136193239,1,fiber_tapping,3.0935550895510486,,0.20320507830694928
compound_00065,-1.4399328792401755,29.69863136193239,2,bad_splice,3.3309560054382237,,0.6000901132109729
compound_00066,-3.7195887618378425,30.2734040530929,3,bending,12.798575824625106,,3.2912464602040243
compound_00066,-3.7195887618378425,30.2734040530929,4,dirty_connector,12.012211931889265,,0.7418775969082608
compound_00066,-3.7195887618378425,30.2734040530929,1,fiber_tapping,12.802696335366699,,0.1283121937108029
compound_00067,12.237490554869922,25.03129657120672,4,dirty_connector,4.868525596502709,,3.824902838701358
compound_00067,12.237490554869922,25.03129657120672,7,reflector,9.113816909899633,-44.75441025710868,0.12953622489328584
compound_00067,12.237490554869922,25.03129657120672,7,reflector,11.33219350068773,-40.01585965438672,0.6194403184960565
compound_00068,14.415991239618357,23.34994989577917,7,reflector,10.999703280726427,-45.15032822642855,0.5032795522088441
compound_00068,14.415991239618357,23.34994989577917,4,dirty_connector,12.49182422374438,,0.9620955704270564
compound_00068,14.415991239618357,23.34994989577917,7,reflector,10.974059013873577,-42.6220832156103,0.5867763627318551
compound_00069,-4.492346211170904,19.766957011951046,3,bending,8.685638786265386,,2.5693105956243505
compound_00069,-4.492346211170904,19.766957011951046,4,dirty_connector,15.042334213266766,,0.8749144495417652
compound_00070,-3.6025839904905417,30.552118273200662,4,dirty_connector,16.219535606523824,,0.5913917733252259
compound_00070,-3.6025839904905417,30.552118273200662,6,pc_connector,22.76275566536495,-12.340850238892349,0.6148069119772165
compound_00070,-3.6025839904905417,30.552118273200662,1,fiber_tapping,11.140891021368928,,0.4370803265649676
compound_00071,14.005702435368487,12.960795548060016,1,fiber_tapping,6.737500646406156,,0.12158835306433993
compound_00071,14.005702435368487,12.960795548060016,7,reflector,11.53645185525032,-54.202786546035654,0.6524292174001632
compound_00072,16.461548075372896,34.329127688229775,4,dirty_connector,6.987421999819224,,1.7272873376485642
compound_00072,16.461548075372896,34.329127688229775,3,bending,7.018118538263861,,4.132039250497794
compound_00073,-2.5362230890680943,29.465721792985953,1,fiber_tapping,17.64429005433781,,0.18372174600869262
compound_00073,-2.5362230890680943,29.465721792985953,1,fiber_tapping,3.3053765143258875,,0.16728286677047866
compound_00073,-2.5362230890680943,29.465721792985953,2,bad_splice,11.949599272731934,,0.7889878527780672
compound_00074,9.767054525502285,5.2063268204403235,4,dirty_connector,1.650199852554132,,1.4598472338247714
compound_00074,9.767054525502285,5.2063268204403235,6,pc_connector,1.7075904525080094,-13.642256403843877,1.0860397028422473
compound_00075,14.366394637565701,16.279633237494906,7,reflector,2.858785663936313,-43.508435619375106,0.6953606859563068
compound_00075,14.366394637565701,16.279633237494906,6,pc_connector,2.8694396328345526,-12.876613411001731,1.3455745498821965
compound_00075,14.366394637565701,16.279633237494906,4,dirty_connector,2.8258048099000095,,1.4884105595792534
compound_00076,14.120982783651694,14.95718564199854,4,dirty_connector,5.2411646292844,,3.5950398365370115
compound_00076,14.120982783651694,14.95718564199854,7,reflector,2.150392672056465,-46.25870880581317,0.68098535535384
compound_00076,14.120982783651694,14.95718564199854,3,bending,5.194280481750836,,0.8322136262984532
compound_00077,5.98927679989788,10.346407937849081,4,dirty_connector,3.525817453363463,,3.7549927903666784
compound_00077,5.98927679989788,10.346407937849081,3,bending,7.062405843703731,,1.3680031765800402
compound_00078,15.892733912745847,17.639021115205416,3,bending,10.475835627193854,,2.9664819356911445
compound_00078,15.892733912745847,17.639021115205416,1,fiber_tapping,2.103538863928279,,0.13583428337269193
compound_00078,15.892733912745847,17.639021115205416,7,reflector,12.460200518630337,-50.19163421423256,0.3256781364752001
compound_00079,-0.6012770142010249,9.738003804471592,7,reflector,3.210403109045923,-50.248018317366025,0.24484230368572152
compound_00079,-0.6012770142010249,9.738003804471592,2,bad_splice,3.240743274360792,,1.4806709938472207
compound_00080,13.80788329637431,21.540191324812447,6,pc_connector,3.866245869552169,-13.511212742995832,0.4321024181599983
compound_00080,13.80788329637431,21.540191324812447,3,bending,3.9075073665313376,,2.6281929621543343
compound_00080,13.80788329637431,21.540191324812447,2,bad_splice,7.114756091858151,,2.834098437273726
compound_00081,15.7248635413868,15.71268024290256,1,fiber_tapping,2.850300913375834,,0.35960063944235476
compound_00081,15.7248635413868,15.71268024290256,2,bad_splice,2.8402756491157977,,1.8694139113099932
compound_00082,3.4278717928969265,31.021975394663325,3,bending,13.40132830726018,,1.8039401921912623
compound_00082,3.4278717928969265,31.021975394663325,1,fiber_tapping,6.599051752610617,,0.25265532517061606
compound_00083,-4.207946545030007,14.938105894466633,4,dirty_connector,2.7891859636173946,,1.2927306433028907
compound_00083,-4.207946545030007,14.938105894466633,4,dirty_connector,2.7390171956445135,,2.222835888688739
compound_00083,-4.207946545030007,14.938105894466633,1,fiber_tapping,2.791680090961622,,0.20410501817362336
compound_00084,16.772416577288613,9.169016644997303,2,bad_splice,1.555463292005639,,2.7294909268540306
compound_00084,16.772416577288613,9.169016644997303,6,pc_connector,2.069283494037061,-12.698056398155979,0.23448049341543983
compound_00084,16.772416577288613,9.169016644997303,7,reflector,1.5771697108124896,-41.104628412116114,0.293564044364944
compound_00085,3.0156970257661584,34.71836460476716,1,fiber_tapping,17.663118540919996,,0.24532544434727754
compound_00085,3.0156970257661584,34.71836460476716,4,dirty_connector,4.353931915084445,,2.666287824300917
compound_00086,14.331244938588476,13.39201871241343,7,reflector,2.50185585985931,-41.30079032767633,0.47015059131479886
compound_00086,14.331244938588476,13.39201871241343,1,fiber_tapping,2.460728336417533,,0.4388674064363821
compound_00086,14.331244938588476,13.39201871241343,7,reflector,9.141504899536864,-45.46084443175515,0.4221248159078167
compound_00087,9.245166573677642,12.000034945435416,2,bad_splice,2.1350020386583073,,2.624913727019341
compound_00087,9.245166573677642,12.000034945435416,2,bad_splice,2.151453769560336,,1.248026664373858
compound_00087,9.245166573677642,12.000034945435416,1,fiber_tapping,3.9006108170281113,,0.14763196782104893
compound_00088,1.4513516156713608,19.367529919720436,3,bending,8.031715746222142,,4.058317672636232
compound_00088,1.4513516156713608,19.367529919720436,4,dirty_connector,16.442690397176058,,2.997895061155976
compound_00088,1.4513516156713608,19.367529919720436,7,reflector,8.006740130425348,-49.85883082185903,0.6556710165663354
compound_00089,13.7730659564929,37.6659214653665,1,fiber_tapping,21.39072271161821,,0.4653811946402388
compound_00089,13.7730659564929,37.6659214653665,1,fiber_tapping,28.967337137009338,,0.23218176847572186
compound_00090,3.1483546510847127,24.965612564103075,4,dirty_connector,8.041473994324106,,2.9819864001750442
compound_00090,3.1483546510847127,24.965612564103075,4,dirty_connector,8.025505828466718,,2.6029830667778415
compound_00090,3.1483546510847127,24.965612564103075,4,dirty_connector,13.35364198908051,,1.9508026999315207
compound_00091,1.791148742166894,7.522570298469747,2,bad_splice,1.112809769991753,,0.5159839490279695
compound_00091,1.791148742166894,7.522570298469747,2,bad_splice,4.166187154923764,,1.7471911646187686
compound_00092,-3.4794616729812082,26.682107237827452,7,reflector,12.684527257199896,-42.08883374358279,0.2576227716215318
compound_00092,-3.4794616729812082,26.682107237827452,4,dirty_connector,12.626004521619633,,1.7796763089573164
compound_00093,-4.019837068153454,20.98164078158355,2,bad_splice,12.457417614405482,,2.1454277381049516
compound_00093,-4.019837068153454,20.98164078158355,4,dirty_connector,3.786568985080304,,2.0088502500259433
compound_00093,-4.019837068153454,20.98164078158355,7,reflector,10.482851230669736,-41.326122212737836,0.6644260240232515
compound_00094,8.109615873974606,27.38481303991604,4,dirty_connector,10.187558075860608,,2.056686182288753
compound_00094,8.109615873974606,27.38481303991604,4,dirty_connector,10.221235091965859,,3.1476889634860985
compound_00094,8.109615873974606,27.38481303991604,7,reflector,5.27138988395875,-45.789866174099146,0.3283332441344753
compound_00095,-1.3795353298829567,11.997751868480666,2,bad_splice,5.181734882496514,,1.3976134345774138
compound_00095,-1.3795353298829567,11.997751868480666,2,bad_splice,5.606448391058495,,2.3514837542215603
compound_00096,8.395918918399117,7.611290843959679,4,dirty_connector,2.47378156196418,,1.4253617448486158
compound_00096,8.395918918399117,7.611290843959679,6,pc_connector,0.9026380015612634,-13.394595144820247,1.1700266180685304
compound_00097,19.752816017229158,15.562532678760821,2,bad_splice,7.5514427106448325,,2.0123744417770855
compound_00097,19.752816017229158,15.562532678760821,2,bad_splice,4.108509176992726,,1.897641163674468
compound_00097,19.752816017229158,15.562532678760821,1,fiber_tapping,12.510796850348802,,0.3274096421710029
compound_00098,4.420955926519095,25.438606060733065,6,pc_connector,7.01876536337781,-13.352798775887365,0.5380997544605423
compound_00098,4.420955926519095,25.438606060733065,4,dirty_connector,7.040204974073454,,0.7160036570568881
compound_00098,4.420955926519095,25.438606060733065,1,fiber_tapping,12.719086806004714,,0.2435233018301438
compound_00099,5.768588484380825,18.87687016772702,1,fiber_tapping,3.618449279195101,,0.13968224379113592
compound_00099,5.768588484380825,18.87687016772702,7,reflector,3.6774164399007305,-48.53379330265659,0.7424191590310973
compound_00100,8.781311859084425,32.33728181183076,7,reflector,8.197239520710763,-46.45798053960179,0.9692597589494959
compound_00100,8.781311859084425,32.33728181183076,6,pc_connector,8.576658914330784,-13.779361465020333,0.5804849019157667
compound_00100,8.781311859084425,32.33728181183076,3,bending,12.448482267806053,,1.417794114742005
compound_00101,19.99554402697596,12.575542918882311,4,dirty_connector,5.649838742900851,,1.1218422605020986
compound_00101,19.99554402697596,12.575542918882311,7,reflector,1.3549237404091286,-50.41846702043158,0.790131240543556
compound_00101,19.99554402697596,12.575542918882311,4,dirty_connector,5.6515771503827965,,2.816870106569925
compound_00102,18.933617219029273,34.14828212857192,4,dirty_connector,20.11915669192701,,0.6115158584022948
compound_00102,18.933617219029273,34.14828212857192,1,fiber_tapping,13.085288235705619,,0.11583428728261738
compound_00103,-0.26065041763953634,24.644924654873197,1,fiber_tapping,6.967632662451933,,0.2920630009046656
compound_00103,-0.26065041763953634,24.644924654873197,2,bad_splice,12.087452906728416,,0.9006588215063027
compound_00104,17.594546904340994,13.670555160202582,6,pc_connector,5.839322951462561,-11.450601717393612,1.2482989370710247
compound_00104,17.594546904340994,13.670555160202582,1,fiber_tapping,9.085327350539263,,0.1186801732536343
compound_00104,17.594546904340994,13.670555160202582,4,dirty_connector,5.798892343179962,,3.7295323027454907
compound_00105,4.538944554865397,31.304364631363555,2,bad_splice,12.0783274351397,,1.9503564619340594
compound_00105,4.538944554865397,31.304364631363555,6,pc_connector,14.59558492387362,-11.125505110662441,0.7364483294992006
compound_00106,5.295402263407343,35.180617451616456,1,fiber_tapping,7.676261923328435,,0.22227418791631331
compound_00106,5.295402263407343,35.180617451616456,1,fiber_tapping,7.673788011955605,,0.40067148578232176
compound_00107,9.217323102117692,37.13662129021568,2,bad_splice,18.114647551399333,,1.9314292576408103
compound_00107,9.217323102117692,37.13662129021568,7,reflector,6.579131634698323,-47.03202321456724,0.9171270141475093
compound_00107,9.217323102117692,37.13662129021568,6,pc_connector,18.155493376901337,-11.31886048725081,0.4763195918901422
compound_00108,-3.6821341832619243,18.17118299771765,3,bending,5.339729402316283,,3.8458242253478385
compound_00108,-3.6821341832619243,18.17118299771765,3,bending,5.375377602697435,,3.2816112499774204
compound_00108,-3.6821341832619243,18.17118299771765,7,reflector,5.347205989520433,-54.21134095073336,0.16949122725687754
compound_00109,2.998773629688028,25.65313180054195,7,reflector,14.625730962231433,-47.76880393803821,0.5406032682204351
compound_00109,2.998773629688028,25.65313180054195,3,bending,14.615097640141082,,1.48067361799333
compound_00110,11.144432355476642,28.85690310028752,7,reflector,16.55895019807566,-50.71678785162557,0.8821201419735135
compound_00110,11.144432355476642,28.85690310028752,2,bad_splice,16.5540458354654,,1.4232224291479774
compound_00110,11.144432355476642,28.85690310028752,1,fiber_tapping,23.31972980490404,,0.2586445891514131
compound_00111,0.10527880060788242,9.161374403249146,7,reflector,4.5015673693633005,-52.45289737698779,0.10671864294685561
compound_00111,0.10527880060788242,9.161374403249146,3,bending,7.41700404477446,,4.416411228270048
compound_00111,0.10527880060788242,9.161374403249146,7,reflector,4.512940875164842,-43.97490928387968,0.9661502857872082
compound_00112,18.880873596296183,11.862387699713867,7,reflector,3.1639114133979787,-52.386024762090514,0.6910319634624887
compound_00112,18.880873596296183,11.862387699713867,3,bending,3.114922774172844,,1.6187373207457048
compound_00112,18.880873596296183,11.862387699713867,7,reflector,1.9909912308608775,-52.35294683090402,0.6200366518700001
compound_00113,16.695901091923332,33.41645456792491,1,fiber_tapping,17.635496926147145,,0.18747237328914557
compound_00113,16.695901091923332,33.41645456792491,2,bad_splice,7.657082655857186,,1.7977781490445093
compound_00114,13.849330869507359,22.580065270665436,4,dirty_connector,10.803597845662331,,3.8569134103861087
compound_00114,13.849330869507359,22.580065270665436,3,bending,13.94814871379433,,1.8402523745435186
compound_00114,13.849330869507359,22.580065270665436,1,fiber_tapping,17.707649187051512,,0.19455059652893492
compound_00115,3.97463173131702,17.698727732745976,4,dirty_connector,5.030757250412424,,1.2346678660217563
compound_00115,3.97463173131702,17.698727732745976,3,bending,7.1356768916550966,,3.7778019438386163
compound_00116,11.401587807761388,16.842121135644256,4,dirty_connector,8.477948956237313,,3.7661377983688085
compound_00116,11.401587807761388,16.842121135644256,3,bending,12.189277716472384,,5.842533178978626
compound_00116,11.401587807761388,16.842121135644256,2,bad_splice,8.91311768059785,,2.201459423483857
compound_00117,-0.6020869248183445,11.397617382571422,1,fiber_tapping,5.861774801274111,,0.2275734987889813
compound_00117,-0.6020869248183445,11.397617382571422,1,fiber_tapping,3.1646446894183846,,0.4910017006555684
compound_00117,-0.6020869248183445,11.397617382571422,3,bending,8.654701872324528,,4.575155523355727
compound_00118,-1.0656586397577614,27.267438690088238,7,reflector,6.638643920476751,-54.12903651949709,0.9335283808363767
compound_00118,-1.0656586397577614,27.267438690088238,2,bad_splice,6.684085038307629,,0.968054554344286
compound_00119,15.781847506608784,12.094357782182907,2,bad_splice,2.290462778435062,,0.7709431490529663
compound_00119,15.781847506608784,12.094357782182907,3,bending,2.2856840733089703,,4.208442629513703
compound_00119,15.781847506608784,12.094357782182907,4,dirty_connector,9.947231871964703,,2.2256223628487155
compound_00120,8.544239533010968,24.011959929727073,4,dirty_connector,12.467511193674824,,1.455562474731709
compound_00120,8.544239533010968,24.011959929727073,3,bending,21.43037109970343,,1.7274699131675502
compound_00121,8.14014892766676,29.547928994450608,2,bad_splice,17.445198965321502,,2.6008351227589404
compound_00121,8.14014892766676,29.547928994450608,4,dirty_connector,17.460650788977375,,2.52369798598792
compound_00122,14.956159989821458,39.46019944101068,2,bad_splice,20.232567066649356,,2.062273304277557
compound_00122,14.956159989821458,39.46019944101068,1,fiber_tapping,13.252467969119632,,0.46969450370174
compound_00123,16.954975943527565,35.23422577240747,4,dirty_connector,10.61673132636848,,2.49771286638732
compound_00123,16.954975943527565,35.23422577240747,2,bad_splice,10.591805803633545,,2.3828574249547536
compound_00123,16.954975943527565,35.23422577240747,2,bad_splice,4.239315430384452,,2.22226478434374
compound_00124,3.7143038220005327,10.691070407509986,7,reflector,2.146986801978647,-51.554283615209826,0.7715449077204295
compound_00124,3.7143038220005327,10.691070407509986,4,dirty_connector,6.650205091161633,,2.474081983525126
compound_00124,3.7143038220005327,10.691070407509986,2,bad_splice,3.904022680270023,,2.5668769045299986
compound_00125,8.921401028531042,24.609892835824198,4,dirty_connector,6.979922545573713,,3.0250024644276636
compound_00125,8.921401028531042,24.609892835824198,6,pc_connector,20.17458782677852,-13.654088007101606,1.334464620823493
compound_00126,1.044792686244202,38.22984925208354,3,bending,22.916603152676245,,2.8202305108828742
compound_00126,1.044792686244202,38.22984925208354,7,reflector,14.68983999302792,-54.279845286161915,0.696189741706479
compound_00126,1.044792686244202,38.22984925208354,1,fiber_tapping,24.64470759718742,,0.43369613185669337
compound_00127,-4.937139494477894,21.166693020537082,2,bad_splice,10.950961324987938,,1.5294887368786574
compound_00127,-4.937139494477894,21.166693020537082,6,pc_connector,10.941405845775385,-13.296696560311087,0.21313956743998058
compound_00127,-4.937139494477894,21.166693020537082,6,pc_connector,10.93822574103135,-12.471507690596965,0.8637242535168046
compound_00128,-4.1166562188501885,24.92709526873254,1,fiber_tapping,6.342123194362801,,0.07821064752165921
compound_00128,-4.1166562188501885,24.92709526873254,1,fiber_tapping,6.321019874976859,,0.10183530699043468
compound_00128,-4.1166562188501885,24.92709526873254,2,bad_splice,6.3395974097836145,,0.9490944482487598
compound_00129,15.145835149382336,26.88095963275472,2,bad_splice,3.29055019260223,,1.006966876898427
compound_00129,15.145835149382336,26.88095963275472,6,pc_connector,3.2989554220541706,-13.719677583033711,1.0185157814576244
compound_00129,15.145835149382336,26.88095963275472,6,pc_connector,9.818825875640949,-13.888791211057626,1.2755699156002454
compound_00130,12.827856094554452,21.204222426086066,7,reflector,7.885669400917399,-43.56424328217075,0.7271462901363555
compound_00130,12.827856094554452,21.204222426086066,7,reflector,7.916252300628693,-49.16886542689669,0.8073847742644256
compound_00131,5.433082318566337,34.07101793399859,7,reflector,16.224895982004227,-44.15434074747604,0.26111007510240714
compound_00131,5.433082318566337,34.07101793399859,7,reflector,16.25107690805528,-48.099989849434124,0.43452901197216265
compound_00131,5.433082318566337,34.07101793399859,2,bad_splice,16.179611266660665,,1.9687494148240237
compound_00132,14.195554412377998,31.443812814128766,3,bending,4.329299570193304,,4.891508874279676
compound_00132,14.195554412377998,31.443812814128766,6,pc_connector,4.281488859683996,-11.845864109559395,0.8536371240073708
compound_00132,14.195554412377998,31.443812814128766,1,fiber_tapping,4.285253084651234,,0.12501593810087008
compound_00133,4.634273344383141,28.72839487075399,1,fiber_tapping,9.657384865500337,,0.3616777032080861
compound_00133,4.634273344383141,28.72839487075399,2,bad_splice,20.40217737581301,,1.6693429026221818
compound_00134,13.464089849047678,20.88100471318016,6,pc_connector,9.534147562192972,-13.319993011295388,0.6948256666213859
compound_00134,13.464089849047678,20.88100471318016,6,pc_connector,9.50561649255254,-13.508552137440631,0.670156238653413
compound_00135,-3.4541096436438528,34.53947015806091,6,pc_connector,10.828232841184196,-13.11409124814796,0.6074547471892413
compound_00135,-3.4541096436438528,34.53947015806091,3,bending,10.832049056463557,,5.524206234587661
compound_00135,-3.4541096436438528,34.53947015806091,7,reflector,27.753892174395144,-49.70053817252201,0.7741452505570016
compound_00136,8.050683467239988,15.044786882127575,1,fiber_tapping,3.5405412484406655,,0.4179560393417763
compound_00136,8.050683467239988,15.044786882127575,1,fiber_tapping,8.747208123741677,,0.2685342895700756
compound_00136,8.050683467239988,15.044786882127575,7,reflector,2.917442779903701,-52.61770338510227,0.5321792912022518
compound_00137,5.310041906226445,37.356164741669794,4,dirty_connector,22.16009448072934,,3.169612949454562
compound_00137,5.310041906226445,37.356164741669794,4,dirty_connector,9.200163310954697,,1.7770390278595225
compound_00137,5.310041906226445,37.356164741669794,7,reflector,20.190723703591374,-49.85658928939337,0.3846591472503629
compound_00138,17.513271830500067,9.381714268187691,7,reflector,4.324407330465598,-51.712396282557094,0.7580374514672422
compound_00138,17.513271830500067,9.381714268187691,2,bad_splice,8.362284563057134,,1.9487620103073457
compound_00138,17.513271830500067,9.381714268187691,3,bending,4.372195490343687,,5.557506759580338
compound_00139,-1.657674303115948,31.680952895959056,6,pc_connector,4.216783098275262,-13.429922897913933,1.3201356826413047
compound_00139,-1.657674303115948,31.680952895959056,7,reflector,22.56781803608552,-46.89157595356171,0.21258320172682799
compound_00140,5.264308958401674,24.043378049541182,6,pc_connector,9.983289684750467,-12.407244607839143,0.5521640098192573
compound_00140,5.264308958401674,24.043378049541182,2,bad_splice,16.766609082535044,,2.981890032992384
compound_00140,5.264308958401674,24.043378049541182,4,dirty_connector,10.518338531242911,,2.7924494111147515
compound_00141,-4.08959967821814,17.344429013164802,7,reflector,5.897649107763776,-50.8463300211208,0.5637099171904066
compound_00141,-4.08959967821814,17.344429013164802,1,fiber_tapping,5.917665143695716,,0.08960443674601297
compound_00141,-4.08959967821814,17.344429013164802,7,reflector,9.295847892231405,-53.54815133682753,0.3852730414454394
compound_00142,1.7144775844206697,17.343530786756553,6,pc_connector,6.974442567025706,-11.939606979338269,0.2678973569704813
compound_00142,1.7144775844206697,17.343530786756553,3,bending,7.393849069765469,,1.850696928753381
compound_00142,1.7144775844206697,17.343530786756553,7,reflector,6.921256831467605,-54.337116199134904,0.9208404452776929
compound_00143,17.02051521485215,35.509865818693356,4,dirty_connector,5.551395596141516,,2.5315125319299954
compound_00143,17.02051521485215,35.509865818693356,2,bad_splice,15.805713835546506,,1.7232198216305274
compound_00143,17.02051521485215,35.509865818693356,7,reflector,5.519552268448904,-40.54573883440092,0.7320749166923879
compound_00144,-4.696528386814726,26.048120543753296,4,dirty_connector,14.612122679071653,,2.3671611797236083
compound_00144,-4.696528386814726,26.048120543753296,4,dirty_connector,14.626257835082306,,3.0925589406870753
compound_00145,19.19235730269152,31.076454525929556,2,bad_splice,15.886383174544225,,2.3412561960770173
compound_00145,19.19235730269152,31.076454525929556,6,pc_connector,15.175392392737898,-13.126900665156006,0.2752207006224648
compound_00146,16.58970638145812,21.890621437205983,2,bad_splice,4.090996810789941,,2.355778576614373
compound_00146,16.58970638145812,21.890621437205983,1,fiber_tapping,17.72032534188798,,0.12747255563559184
compound_00146,16.58970638145812,21.890621437205983,3,bending,4.106009036932013,,2.298399270437006
compound_00147,12.807398149074892,23.10874378818986,3,bending,2.49628263100789,,2.6388033659385095
compound_00147,12.807398149074892,23.10874378818986,7,reflector,2.5133190310219695,-54.87355272997783,0.392948386938063
compound_00147,12.807398149074892,23.10874378818986,3,bending,8.1617232023832,,4.8987728816239064
compound_00148,-3.3572721466968947,14.45536479685576,6,pc_connector,7.822242319149036,-13.0889409208246,0.32431792244099417
compound_00148,-3.3572721466968947,14.45536479685576,7,reflector,7.863054632300181,-47.83294547195557,0.3744249410849654
compound_00148,-3.3572721466968947,14.45536479685576,7,reflector,7.800907441403162,-50.88348067727133,0.37370850470050465
compound_00149,16.706840379210675,28.859955988735138,4,dirty_connector,12.87855211006209,,3.73546292209207
compound_00149,16.706840379210675,28.859955988735138,4,dirty_connector,21.682898022512784,,3.467711612936909
compound_00149,16.706840379210675,28.859955988735138,3,bending,12.891027800096252,,3.7117938473425873
compound_00150,1.0552056113916066,5.360352317935461,2,bad_splice,3.0792299210748277,,2.1131118863924088
compound_00150,1.0552056113916066,5.360352317935461,6,pc_connector,2.079316428865927,-13.396042768804584,1.0366347146446904
compound_00151,17.92731370217613,8.912032985425043,4,dirty_connector,4.613483474674065,,3.7956049022505733
compound_00151,17.92731370217613,8.912032985425043,2,bad_splice,4.661054371820831,,0.7436092855647344
compound_00151,17.92731370217613,8.912032985425043,6,pc_connector,4.597571429921411,-12.64698350304347,0.6661724957870521
compound_00152,10.49267284346993,34.9578663363685,7,reflector,14.624131477619096,-44.856965060495405,0.9238576289906256
compound_00152,10.49267284346993,34.9578663363685,7,reflector,11.326624463268082,-52.13075008354596,0.45402860056389027
compound_00152,10.49267284346993,34.9578663363685,7,reflector,16.713414535670804,-41.72884787400413,0.45796413619361753
compound_00153,14.911529238082306,23.871155214882613,7,reflector,8.98883842293527,-44.381467078457284,0.518526564914771
compound_00153,14.911529238082306,23.871155214882613,6,pc_connector,8.989280805868269,-11.775222199828118,0.46286106928811205
compound_00154,2.165201415352329,5.72480921697716,7,reflector,3.3607863041643387,-53.832618801414064,0.27383700292655916
compound_00154,2.165201415352329,5.72480921697716,6,pc_connector,2.8364518070729847,-12.73689934996064,0.5701908431442742
compound_00154,2.165201415352329,5.72480921697716,2,bad_splice,4.6482475521478515,,1.5496525828605905
compound_00155,9.354283330886522,24.992224723913246,3,bending,6.751505384466342,,4.9135784445482855
compound_00155,9.354283330886522,24.992224723913246,3,bending,16.728276363259138,,2.5861856130883223
compound_00156,5.185554794995285,16.384528520952202,7,reflector,3.3632330437669005,-46.30634735374576,0.6441386371744589
compound_00156,5.185554794995285,16.384528520952202,7,reflector,4.558710570015222,-54.16634628728167,0.7143103628143891
compound_00156,5.185554794995285,16.384528520952202,4,dirty_connector,3.3630972268413233,,0.8770057493671919
compound_00157,-3.3461971211727044,16.249745891624976,2,bad_splice,7.398660903177559,,2.0181606819138738
compound_00157,-3.3461971211727044,16.249745891624976,4,dirty_connector,7.443248826981716,,2.8376023690676675
compound_00158,-4.136708694844625,35.99303495169502,1,fiber_tapping,13.62676836814711,,0.4325898841218417
compound_00158,-4.136708694844625,35.99303495169502,3,bending,18.928884165974154,,0.7906662845240764
compound_00159,-2.2515886215941814,19.380730904744127,7,reflector,3.4417845599732786,-41.86874473034103,0.6018225655761065
compound_00159,-2.2515886215941814,19.380730904744127,7,reflector,6.6891849612892065,-46.31331997927417,0.7634644902399078
compound_00159,-2.2515886215941814,19.380730904744127,6,pc_connector,3.392676611153974,-13.537812842832096,1.054251649148478
compound_00160,-1.7048589168415242,33.894290592215874,3,bending,6.312520619609862,,4.651399783205969
compound_00160,-1.7048589168415242,33.894290592215874,6,pc_connector,6.273414613077924,-12.306083616647811,0.22841151513014846
compound_00160,-1.7048589168415242,33.894290592215874,3,bending,15.703541159007917,,3.6180325056381677
compound_00161,14.069317921474038,29.778875754932542,7,reflector,12.751841085628842,-43.14241179303342,0.8295958038195005
compound_00161,14.069317921474038,29.778875754932542,4,dirty_connector,13.213982225040887,,1.170332814906014
compound_00162,17.16003730438473,39.216449153977536,3,bending,5.570813313940263,,3.3567637816201326
compound_00162,17.16003730438473,39.216449153977536,1,fiber_tapping,32.47449011888245,,0.24484544765889027
compound_00163,15.962271646174983,38.625646141246555,3,bending,4.114916699432567,,4.198050839592943
compound_00163,15.962271646174983,38.625646141246555,7,reflector,7.206826450399407,-47.26405803461539,0.45271102623748727
compound_00163,15.962271646174983,38.625646141246555,6,pc_connector,4.060693308709959,-11.71099866934498,0.43572322745514336
compound_00164,7.249409538888557,38.416918025665474,2,bad_splice,22.476392854176957,,2.803635588214878
compound_00164,7.249409538888557,38.416918025665474,3,bending,33.52191646098156,,2.3943727776759887
compound_00165,-1.107406992259925,10.383846469293974,6,pc_connector,3.9134610481435903,-13.232012307063343,1.1087552247143522
compound_00165,-1.107406992259925,10.383846469293974,4,dirty_connector,3.9354340968321564,,1.239106742965375
compound_00165,-1.107406992259925,10.383846469293974,3,bending,2.019925629715156,,2.3280981460604773
compound_00166,-3.802057818985864,27.47057798800395,2,bad_splice,8.399453316514496,,1.4150253333920282
compound_00166,-3.802057818985864,27.47057798800395,1,fiber_tapping,18.986547028616084,,0.474273020992948
compound_00166,-3.802057818985864,27.47057798800395,6,pc_connector,5.977769793047412,-12.342977020700271,0.8181626695735655
compound_00167,-1.7797487145500597,25.085817688946197,6,pc_connector,14.46181306030279,-11.363751463217955,0.7345125689292606
compound_00167,-1.7797487145500597,25.085817688946197,1,fiber_tapping,14.513868493590767,,0.2696580907692743
compound_00167,-1.7797487145500597,25.085817688946197,6,pc_connector,5.315475645076877,-11.09167154400795,0.42692050937986226
compound_00168,15.341102226341544,21.926648651925326,3,bending,9.46124437946245,,5.082959248127338
compound_00168,15.341102226341544,21.926648651925326,2,bad_splice,9.472256249809053,,2.1959722575451535
compound_00168,15.341102226341544,21.926648651925326,6,pc_connector,9.477687129724332,-13.523113578798448,0.8783496028131166
compound_00169,17.054114515092927,21.129450600871742,2,bad_splice,9.169023842653516,,1.5507764937364446
compound_00169,17.054114515092927,21.129450600871742,2,bad_splice,11.83885864253737,,1.7662515114919632
compound_00170,12.601386102307394,13.050331394320182,2,bad_splice,7.420375799984331,,0.46753378873184237
compound_00170,12.601386102307394,13.050331394320182,3,bending,7.988913873758442,,2.877954629604776
compound_00171,-1.9680738884491467,17.37250842144136,6,pc_connector,10.16170694842502,-13.838780837846633,0.8744476333951705
compound_00171,-1.9680738884491467,17.37250842144136,6,pc_connector,7.4064418396979255,-11.030679574062024,1.4054872014157842
compound_00172,16.63404175042951,9.846099566851958,1,fiber_tapping,5.029482009798273,,0.48230115055746126
compound_00172,16.63404175042951,9.846099566851958,3,bending,1.5524099472524606,,0.739031063515585
compound_00173,17.81766563498563,38.258577771373716,2,bad_splice,21.790417823322148,,1.919372123348785
compound_00173,17.81766563498563,38.258577771373716,7,reflector,21.83941419132134,-52.46137941470491,0.9919534131043922
compound_00174,-4.917278570156206,15.109800659163316,2,bad_splice,2.3827190014106723,,2.613353945630914
compound_00174,-4.917278570156206,15.109800659163316,6,pc_connector,8.746943866936071,-12.232807253079896,1.1151459734143636
compound_00174,-4.917278570156206,15.109800659163316,4,dirty_connector,12.49396759065148,,2.080297294790345
compound_00175,14.39050196899337,8.84281750999165,6,pc_connector,4.825503568162402,-12.145164785965392,0.3726537331045362
compound_00175,14.39050196899337,8.84281750999165,6,pc_connector,3.8160760475226962,-12.187748322105795,0.6099173059791263
compound_00175,14.39050196899337,8.84281750999165,6,pc_connector,2.432996594379272,-13.796023580860691,1.226547395095733
compound_00176,16.387041172573277,5.3920892074851166,2,bad_splice,1.3045392571713037,,0.6926696764248856
compound_00176,16.387041172573277,5.3920892074851166,3,bending,0.6983653385943581,,1.91604009016246
compound_00176,16.387041172573277,5.3920892074851166,3,bending,4.231365267644458,,5.71493825122188
compound_00177,18.72073491295105,9.911954446637713,3,bending,3.0227352312601905,,1.140372811905165
compound_00177,18.72073491295105,9.911954446637713,2,bad_splice,3.6479693748606796,,1.636725568450435
compound_00178,8.779713928016513,33.65987809887127,2,bad_splice,14.586962152455667,,2.464847936732151
compound_00178,8.779713928016513,33.65987809887127,1,fiber_tapping,14.597430513406087,,0.45534359121036316
compound_00179,16.180641682189545,23.119563586563537,3,bending,13.658774188111828,,4.41952705533812
compound_00179,16.180641682189545,23.119563586563537,6,pc_connector,12.070914445377237,-12.128105589080176,0.36463379142163665
compound_00179,16.180641682189545,23.119563586563537,4,dirty_connector,8.711956434879522,,2.9106054762258213
compound_00180,2.0680100825491783,17.23264758156843,3,bending,8.234093695465553,,1.2058518671221865
compound_00180,2.0680100825491783,17.23264758156843,2,bad_splice,8.290098397804423,,1.3028902676286183
compound_00180,2.0680100825491783,17.23264758156843,4,dirty_connector,8.27518882386283,,3.130709216363739
compound_00181,10.346086456180489,22.52983841911337,4,dirty_connector,2.662910687238745,,0.9238551498408667
compound_00181,10.346086456180489,22.52983841911337,2,bad_splice,2.700417302777026,,2.6012018848012857
compound_00181,10.346086456180489,22.52983841911337,1,fiber_tapping,2.6853351375329675,,0.472277306233478
compound_00182,-4.453413136643079,30.350010240320263,4,dirty_connector,9.964153147415425,,3.243865884282164
compound_00182,-4.453413136643079,30.350010240320263,6,pc_connector,9.949683757719887,-13.972249284627798,1.2441722205632268
compound_00183,2.24049673957885,16.2353700615123,3,bending,5.533127391306939,,2.999959149261542
compound_00183,2.24049673957885,16.2353700615123,2,bad_splice,6.222387861842838,,1.1126680040507482
compound_00184,12.313728926171493,30.76701538643599,4,dirty_connector,16.0983933851562,,3.560091109229011
compound_00184,12.313728926171493,30.76701538643599,6,pc_connector,22.798802244990682,-12.78013495816851,0.6665186423403897
compound_00185,-3.527437447137503,6.448067898152312,3,bending,1.4286413166014214,,3.192472908860344
compound_00185,-3.527437447137503,6.448067898152312,2,bad_splice,5.602620792432829,,2.2044246905549643
compound_00186,14.84925566974103,11.310479157724487,2,bad_splice,4.038558340678364,,0.9326995381744021
compound_00186,14.84925566974103,11.310479157724487,1,fiber_tapping,6.196587152464316,,0.28137132443023455
compound_00186,14.84925566974103,11.310479157724487,1,fiber_tapping,8.304186793362135,,0.25078729037179065
compound_00187,15.353786707297662,18.65528667564025,6,pc_connector,9.232836984183047,-12.053296453920085,0.5361012816386498
compound_00187,15.353786707297662,18.65528667564025,7,reflector,6.341136904861772,-40.07303300492438,0.9813837107989195
compound_00187,15.353786707297662,18.65528667564025,2,bad_splice,4.859100275825945,,2.3834709027118848
compound_00188,2.48948656467088,10.621836757230366,4,dirty_connector,4.549047845077374,,1.7248980009828183
compound_00188,2.48948656467088,10.621836757230366,1,fiber_tapping,4.581080947476543,,0.33682486752818613
compound_00189,2.0364384422071966,30.77286384859599,4,dirty_connector,16.68018388204159,,3.5679939525174094
compound_00189,2.0364384422071966,30.77286384859599,1,fiber_tapping,23.888319625561095,,0.3915016968207663
compound_00189,2.0364384422071966,30.77286384859599,4,dirty_connector,8.148595745780618,,2.26303993051917
compound_00190,16.76195200514737,38.83906268375657,3,bending,18.402195630622437,,2.6362896517695775
compound_00190,16.76195200514737,38.83906268375657,7,reflector,30.098429098667008,-51.96048312183233,0.13977704924255635
compound_00190,16.76195200514737,38.83906268375657,3,bending,18.37468447947346,,0.6027258783443468
compound_00191,5.518811041342641,24.98283862967061,2,bad_splice,9.001691309295003,,1.0928809854061
compound_00191,5.518811041342641,24.98283862967061,4,dirty_connector,8.987087059253806,,1.4340316632909405
compound_00191,5.518811041342641,24.98283862967061,6,pc_connector,9.032383756936964,-13.35617492847085,0.7141760035638747
compound_00192,-0.26017194869442495,9.460914352984446,1,fiber_tapping,4.775652768455911,,0.41696095817540374
compound_00192,-0.26017194869442495,9.460914352984446,2,bad_splice,3.5370001268465217,,2.633867483999667
compound_00193,2.472799400126876,18.295665977627316,3,bending,10.696521161525007,,3.547381387099932
compound_00193,2.472799400126876,18.295665977627316,6,pc_connector,7.986307226248946,-11.181609204912078,1.4649705942895062
compound_00193,2.472799400126876,18.295665977627316,7,reflector,10.670871942670587,-54.065186782387336,0.192667133759933
compound_00194,10.044238385663409,8.48590328157007,7,reflector,4.92272526837541,-53.55119771160927,0.5121127564018834
compound_00194,10.044238385663409,8.48590328157007,7,reflector,4.869861122162784,-50.232329162128416,0.5567404405364239
compound_00194,10.044238385663409,8.48590328157007,3,bending,4.914400069442977,,3.81603841600207
compound_00195,-3.4314282414259085,15.65067680047752,4,dirty_connector,5.915518027166727,,2.8093225255633585
compound_00195,-3.4314282414259085,15.65067680047752,2,bad_splice,1.9668530333237801,,1.791255631990075
compound_00195,-3.4314282414259085,15.65067680047752,1,fiber_tapping,5.8873817815131515,,0.4876284315375174
compound_00196,-1.8508019488640932,37.31923539057671,7,reflector,4.44088521665012,-46.30634759256156,0.5478758926873889
compound_00196,-1.8508019488640932,37.31923539057671,1,fiber_tapping,26.89890028209212,,0.10016369008413548
compound_00197,4.177173963663515,16.75565598762989,2,bad_splice,6.12448777046285,,1.6259185777652694
compound_00197,4.177173963663515,16.75565598762989,2,bad_splice,6.107334499916988,,2.065621768943899
compound_00197,4.177173963663515,16.75565598762989,7,reflector,2.7420597748965925,-45.20629393375114,0.4885710194983378
compound_00198,-4.737234240409778,34.63327365720904,3,bending,5.346713642565391,,2.465022155154485
compound_00198,-4.737234240409778,34.63327365720904,6,pc_connector,5.334490458365553,-12.796881822519953,0.8428499293845362
compound_00198,-4.737234240409778,34.63327365720904,7,reflector,8.649450787448956,-47.7234821919524,0.6082099168670714
compound_00199,3.2591842071038286,22.404029629475424,7,reflector,2.7810354226593734,-52.210698802980545,0.10439414520948395
compound_00199,3.2591842071038286,22.404029629475424,1,fiber_tapping,4.487053347268074,,0.09259440264997604
compound_00200,18.357421472414668,17.92942988252686,4,dirty_connector,4.717208873667305,,1.9498945776188323
compound_00200,18.357421472414668,17.92942988252686,1,fiber_tapping,10.397193353248118,,0.18874345452395502
compound_00200,18.357421472414668,17.92942988252686,4,dirty_connector,4.76359931406846,,0.5552604313127596
compound_00201,1.8906061061193462,11.334712701598095,6,pc_connector,2.5468997631038897,-12.890613127254563,0.8253163124394793
compound_00201,1.8906061061193462,11.334712701598095,4,dirty_connector,2.580122840600724,,3.994478866875931
compound_00202,8.040151840796238,20.17176643026567,2,bad_splice,4.8775179920666645,,2.7447832497875466
compound_00202,8.040151840796238,20.17176643026567,4,dirty_connector,16.57382950454085,,1.774018177280413
compound_00202,8.040151840796238,20.17176643026567,7,reflector,16.368045319467765,-45.40779532096608,0.40088980891180426
compound_00203,12.519878170126173,36.67509587474007,7,reflector,9.122170511838576,-49.14682526123225,0.4580820695966277
compound_00203,12.519878170126173,36.67509587474007,7,reflector,9.142780145470995,-51.05070281873999,0.9975212562560261
compound_00204,-2.389344934876007,37.72487501150608,4,dirty_connector,9.370924212922764,,2.4050513966967255
compound_00204,-2.389344934876007,37.72487501150608,4,dirty_connector,20.025804996273333,,1.6319824892008397
compound_00204,-2.389344934876007,37.72487501150608,3,bending,9.368511498947845,,0.9279020526455091
compound_00205,4.961871875648864,36.23130821146063,3,bending,16.115500803705068,,3.170811056333457
compound_00205,4.961871875648864,36.23130821146063,4,dirty_connector,22.108069995307023,,2.569842281434706
compound_00206,-1.7674070003829128,14.105963508354845,6,pc_connector,2.4601099006758282,-11.859058084774276,0.2051410505818096
compound_00206,-1.7674070003829128,14.105963508354845,1,fiber_tapping,2.3283133156132254,,0.43847112061505583
compound_00206,-1.7674070003829128,14.105963508354845,7,reflector,10.573833232694733,-53.415588895390464,0.5593709402596078
compound_00207,-0.8918728957791124,36.45817935274171,1,fiber_tapping,10.038172893628442,,0.21596889949447906
compound_00207,-0.8918728957791124,36.45817935274171,7,reflector,22.90325346113368,-54.26701055776608,0.4914329405472704
compound_00207,-0.8918728957791124,36.45817935274171,7,reflector,32.09607318313223,-49.70616024239854,0.859913221092277
compound_00208,13.69485518888252,32.52196008885023,2,bad_splice,7.977879590089927,,0.33605716040718203
compound_00208,13.69485518888252,32.52196008885023,7,reflector,8.001258698644687,-54.808014655668295,0.6792379333586583
compound_00208,13.69485518888252,32.52196008885023,6,pc_connector,9.223978151472336,-13.800863843550678,0.9131845020611968
compound_00209,-0.8665550925559549,9.615320253063473,3,bending,2.3526479367082103,,1.2633675489605567
compound_00209,-0.8665550925559549,9.615320253063473,1,fiber_tapping,4.181175237657502,,0.2796856170508472
compound_00209,-0.8665550925559549,9.615320253063473,1,fiber_tapping,2.4112910068140643,,0.05510369506385093
compound_00210,17.78230312397519,34.422370298897256,6,pc_connector,19.208019117659983,-12.478547818773288,0.6537810754201936
compound_00210,17.78230312397519,34.422370298897256,4,dirty_connector,7.8351017097533315,,1.2584439231256446
compound_00210,17.78230312397519,34.422370298897256,4,dirty_connector,19.202022633884923,,1.5762432842476248
compound_00211,6.663184897117903,28.06010555983747,4,dirty_connector,11.013988134446281,,3.312001139478828
compound_00211,6.663184897117903,28.06010555983747,1,fiber_tapping,10.986080552069831,,0.3841501995490523
compound_00212,13.22606008109273,18.06480693186988,7,reflector,2.306052344355123,-53.59576890120881,0.939041576964378
compound_00212,13.22606008109273,18.06480693186988,7,reflector,2.2464255548426424,-41.399356567087366,0.11105971269995836
compound_00213,-0.30481272359712097,15.025312126653168,2,bad_splice,6.380643094561654,,2.722561308699199
compound_00213,-0.30481272359712097,15.025312126653168,4,dirty_connector,6.4250631876708075,,3.844177057844043
compound_00213,-0.30481272359712097,15.025312126653168,3,bending,2.220278049937168,,5.306594920638194
compound_00214,8.268309202998555,28.288246638029257,6,pc_connector,16.19878267063744,-13.460736640377181,0.5088362279501859
compound_00214,8.268309202998555,28.288246638029257,4,dirty_connector,22.799235053124765,,1.946548581541069
compound_00215,19.65478122263451,14.424365732733492,1,fiber_tapping,2.2786291498956714,,0.2660305183984374
compound_00215,19.65478122263451,14.424365732733492,6,pc_connector,12.781211355258543,-13.27344803288365,0.7851220350784214
compound_00216,-1.71977016870775,25.94074163336325,3,bending,15.418605293671938,,2.2613103161365844
compound_00216,-1.71977016870775,25.94074163336325,1,fiber_tapping,22.93748753345843,,0.2970991626562178
compound_00216,-1.71977016870775,25.94074163336325,4,dirty_connector,15.943872807645333,,1.5230963555183377
compound_00217,12.338318911694888,12.545253460735509,6,pc_connector,4.56226757837246,-11.646368394991567,1.0366050861222995
compound_00217,12.338318911694888,12.545253460735509,4,dirty_connector,4.531122269753207,,2.1030339780737153
compound_00217,12.338318911694888,12.545253460735509,4,dirty_connector,7.208878840991632,,0.9327666271281178
compound_00218,16.179012495246795,20.428783361123806,6,pc_connector,11.51466746106929,-12.85345841141244,1.0361709442647276
compound_00218,16.179012495246795,20.428783361123806,4,dirty_connector,15.533457221806419,,1.9863779473141636
compound_00218,16.179012495246795,20.428783361123806,1,fiber_tapping,8.614618671180995,,0.06145343908403333
compound_00219,-4.43454055092929,22.44310245862264,3,bending,3.494859895758767,,1.9918324461221026
compound_00219,-4.43454055092929,22.44310245862264,3,bending,8.331037464241769,,2.879248263890157
compound_00219,-4.43454055092929,22.44310245862264,6,pc_connector,3.5069981786879647,-12.807434565962573,1.118477151752957
compound_00220,6.622772616313053,39.684815502612096,6,pc_connector,16.603411262319334,-11.235035798433223,1.0486168230284143
compound_00220,6.622772616313053,39.684815502612096,3,bending,21.192573985912986,,1.1993849949808317
compound_00221,14.527062420304059,16.415039470934108,6,pc_connector,7.924835822239807,-12.974870505512229,0.3444289138506077
compound_00221,14.527062420304059,16.415039470934108,6,pc_connector,7.957027545211518,-12.124266689232769,0.7743432911971764
compound_00222,6.5940431071967645,30.029473222583594,3,bending,11.622051984668177,,5.4484250680494215
compound_00222,6.5940431071967645,30.029473222583594,4,dirty_connector,11.596828007455649,,3.992929503469124
compound_00222,6.5940431071967645,30.029473222583594,6,pc_connector,11.56732827692937,-13.225545192740219,0.7804656529866141
compound_00223,16.325875215469388,19.973293940227407,2,bad_splice,2.2532664627471415,,1.4514553687154272
compound_00223,16.325875215469388,19.973293940227407,1,fiber_tapping,7.2980258881367295,,0.2316754563209213
compound_00223,16.325875215469388,19.973293940227407,6,pc_connector,12.400319568720079,-13.266042164345825,1.4255643827589612
compound_00224,16.91322451175623,7.116063159867218,3,bending,3.535143083347206,,1.2899602413591613
compound_00224,16.91322451175623,7.116063159867218,7,reflector,1.6141876785539697,-40.03154435666096,0.13654940250555742
compound_00224,16.91322451175623,7.116063159867218,4,dirty_connector,6.1014137328207605,,2.8434271839144123
compound_00225,-3.268305224310129,16.571790946787893,7,reflector,5.469556851209001,-41.17323743071637,0.4836601283670259
compound_00225,-3.268305224310129,16.571790946787893,6,pc_connector,7.105042348976241,-13.9411928325073,0.20294656596062266
compound_00225,-3.268305224310129,16.571790946787893,6,pc_connector,5.452848203618485,-13.600385318408525,0.9937205105635023
compound_00226,-2.309583430197319,5.741293007159814,6,pc_connector,3.2158714566583013,-13.397107421034145,0.87508021626079
compound_00226,-2.309583430197319,5.741293007159814,2,bad_splice,1.3840822855148618,,0.6062376170389701
compound_00227,12.90608678073092,29.86978063962124,3,bending,9.88411728535474,,3.1275428104766005
compound_00227,12.90608678073092,29.86978063962124,1,fiber_tapping,9.830253179457252,,0.0660877203290388
compound_00228,14.52581052681277,20.69970529405542,7,reflector,9.447104946218833,-43.25440833232213,0.6954023554461516
compound_00228,14.52581052681277,20.69970529405542,6,pc_connector,3.8763327924844893,-11.444549180897196,1.4056308577786123
compound_00228,14.52581052681277,20.69970529405542,1,fiber_tapping,9.492698837254547,,0.25270306434096096
compound_00229,2.5092833993982975,35.61587502470518,6,pc_connector,3.673644564826159,-13.401294520388477,0.5883231912004591
compound_00229,2.5092833993982975,35.61587502470518,3,bending,23.886891314065586,,4.581423911187492
compound_00229,2.5092833993982975,35.61587502470518,4,dirty_connector,20.990778518895368,,2.8190722166926365
compound_00230,-0.3653648298882608,33.97493652674674,1,fiber_tapping,7.9840101239132295,,0.49423641807845303
compound_00230,-0.3653648298882608,33.97493652674674,7,reflector,17.583662266611704,-52.44390839433777,0.8084563258707769
compound_00230,-0.3653648298882608,33.97493652674674,2,bad_splice,7.956568629901934,,2.714906545767358
compound_00231,13.19069032327857,23.155705473290872,1,fiber_tapping,8.14354879990562,,0.3464234114651121
compound_00231,13.19069032327857,23.155705473290872,4,dirty_connector,8.086396875820407,,1.6550161937048318
compound_00231,13.19069032327857,23.155705473290872,2,bad_splice,8.146589817451828,,1.4778681520082786
compound_00232,14.672568075832476,34.8113940678347,3,bending,7.624860794412591,,1.2143588170657589
compound_00232,14.672568075832476,34.8113940678347,2,bad_splice,7.673184353787559,,1.6406695179983632
compound_00232,14.672568075832476,34.8113940678347,3,bending,7.654502573164173,,0.6189484966872967
compound_00233,6.226276194412163,32.18673608025726,1,fiber_tapping,5.6892147448478685,,0.28895058962449566
compound_00233,6.226276194412163,32.18673608025726,7,reflector,5.6763952323482725,-51.28251702298289,0.3094105895886268
compound_00234,9.086090502618204,24.58793060141384,1,fiber_tapping,11.100695742697404,,0.4068566177619045
compound_00234,9.086090502618204,24.58793060141384,3,bending,14.071714365542416,,2.687105383822408
compound_00234,9.086090502618204,24.58793060141384,4,dirty_connector,4.2069885328773715,,2.045653058979251
compound_00235,15.946277498927458,25.81545468065882,1,fiber_tapping,6.837842636703646,,0.1871707073125075
compound_00235,15.946277498927458,25.81545468065882,7,reflector,6.831851616767128,-53.54585574631515,0.3558802743210412
compound_00236,3.4437942558013344,14.773229364783848,2,bad_splice,4.981937599074905,,0.38848674192604427
compound_00236,3.4437942558013344,14.773229364783848,2,bad_splice,4.939596328049225,,2.1742149864462843
compound_00236,3.4437942558013344,14.773229364783848,6,pc_connector,4.9891668794768265,-12.301008648147002,0.27312708709664907
compound_00237,4.809864484037956,34.64376497222412,6,pc_connector,12.22978877523703,-13.692163775415388,0.9091423826096185
compound_00237,4.809864484037956,34.64376497222412,7,reflector,17.75258572671801,-49.60096818909645,0.4097509989501895
compound_00238,4.603036319868199,16.708150986420108,6,pc_connector,2.196425868619122,-12.890983676377624,0.5920352963703861
compound_00238,4.603036319868199,16.708150986420108,3,bending,9.982436985909057,,2.7001306470039923
compound_00239,0.4341181544024453,16.710940345833123,1,fiber_tapping,5.984069821055212,,0.2535269383574302
compound_00239,0.4341181544024453,16.710940345833123,1,fiber_tapping,6.021363181831051,,0.20539740891367064
compound_00239,0.4341181544024453,16.710940345833123,1,fiber_tapping,5.998189255619716,,0.33733168863073876
compound_00240,16.817877878933704,26.935211932039582,1,fiber_tapping,6.720044224456495,,0.3137751689661794
compound_00240,16.817877878933704,26.935211932039582,7,reflector,5.798740107352943,-42.6795083531986,0.6883569379880204
compound_00241,1.087240142933675,22.481961226904488,1,fiber_tapping,12.276269255880642,,0.32847833386078407
compound_00241,1.087240142933675,22.481961226904488,7,reflector,17.03370833809582,-47.05406848496477,0.2311349712454004
compound_00242,7.990970575111799,19.5738453114921,4,dirty_connector,10.031809062784728,,1.9344172962915627
compound_00242,7.990970575111799,19.5738453114921,7,reflector,10.072009865500114,-51.01983497310083,0.8103051539826854
compound_00242,7.990970575111799,19.5738453114921,3,bending,10.075942835429261,,4.030272168861158
compound_00243,18.602521427414512,9.919327628657442,7,reflector,4.254873673810578,-54.86376492709457,0.9164097123484138
compound_00243,18.602521427414512,9.919327628657442,7,reflector,6.147617740846705,-44.49273865434562,0.26157135424031874
compound_00243,18.602521427414512,9.919327628657442,2,bad_splice,4.283100707866339,,0.979630270778046
compound_00244,6.3431322464330595,15.266440623749416,7,reflector,4.92691477813352,-54.85683484228543,0.4157301211786697
compound_00244,6.3431322464330595,15.266440623749416,7,reflector,12.788096740116085,-43.337958795025905,0.9910624471923292
compound_00245,13.43199909486479,5.3425606842865125,1,fiber_tapping,2.6475447172056397,,0.07053288808506761
compound_00245,13.43199909486479,5.3425606842865125,4,dirty_connector,2.6652616521925,,1.4563810688724785
compound_00245,13.43199909486479,5.3425606842865125,2,bad_splice,2.6432430117959402,,1.0219960212382366
compound_00246,-4.069191307528184,13.860129632802478,2,bad_splice,3.975415508739954,,1.845145714766228
compound_00246,-4.069191307528184,13.860129632802478,3,bending,2.9148698873713723,,3.918467905632051
compound_00247,-3.76588661299035,9.971056469876054,6,pc_connector,5.8737474384220105,-13.24774925803332,0.3999254420980584
compound_00247,-3.76588661299035,9.971056469876054,1,fiber_tapping,5.920301823889347,,0.23826131545095197
compound_00248,-3.0013957811633114,14.608985506838726,3,bending,2.8784292353909757,,3.9624554525575553
compound_00248,-3.0013957811633114,14.608985506838726,2,bad_splice,11.729758270448132,,2.7858834161721244
compound_00249,-0.7534155467149155,25.849039685235073,4,dirty_connector,2.68002035543435,,3.6674787334241414
compound_00249,-0.7534155467149155,25.849039685235073,7,reflector,2.7143604568894553,-40.313471796112246,0.6706161050759506
compound_00250,-2.742381790509203,30.37329789646615,4,dirty_connector,3.0863884359811196,,0.8564923151761448
compound_00250,-2.742381790509203,30.37329789646615,1,fiber_tapping,24.97139467459729,,0.2689949875262595
compound_00251,-1.5460646694591391,17.49383422503076,3,bending,2.9464414121308806,,5.037638521652435
compound_00251,-1.5460646694591391,17.49383422503076,1,fiber_tapping,12.146950306756212,,0.425364117897604
compound_00251,-1.5460646694591391,17.49383422503076,4,dirty_connector,2.914683175957824,,1.7143214060688392
compound_00252,17.845453110413548,8.276430623426348,4,dirty_connector,4.928776876904626,,3.390035324068003
compound_00252,17.845453110413548,8.276430623426348,2,bad_splice,3.839285135979183,,2.3211152807633026
compound_00253,18.112176191597197,9.99727991033996,1,fiber_tapping,5.915112794842201,,0.19141043318157963
compound_00253,18.112176191597197,9.99727991033996,4,dirty_connector,3.3705594836362947,,0.8116762519830829
compound_00254,18.979216459656286,13.471594143133863,3,bending,7.329585996306853,,5.574546273724941
compound_00254,18.979216459656286,13.471594143133863,3,bending,6.279927268476565,,2.5717652203060304
compound_00255,-2.0086792132583975,13.361717646701594,3,bending,1.685785915867171,,2.7076512330809237
compound_00255,-2.0086792132583975,13.361717646701594,7,reflector,1.742293021821041,-46.12112065744206,0.7552105069119835
compound_00256,17.835431284105816,5.728918239545394,7,reflector,1.8657780622945963,-51.42056861724243,0.6058965382696762
compound_00256,17.835431284105816,5.728918239545394,3,bending,5.077950659545158,,0.9063815656823125
compound_00257,6.810817261305504,38.39280370721264,4,dirty_connector,17.734203493634347,,3.278379961147185
compound_00257,6.810817261305504,38.39280370721264,7,reflector,17.790253084880806,-48.04821700058437,0.19215409454772006
compound_00258,-4.385216744661756,36.09750374830827,7,reflector,6.203580121759098,-43.77256905612084,0.21013122092668982
compound_00258,-4.385216744661756,36.09750374830827,7,reflector,20.713171256249648,-41.05645717583674,0.513702551091338
compound_00259,-4.272786914223077,8.702020315090175,6,pc_connector,3.3481935519756973,-13.388729197316408,1.2656966305801294
compound_00259,-4.272786914223077,8.702020315090175,3,bending,6.111365068978952,,2.890668010100458
compound_00260,3.768132444587689,13.57503317174775,7,reflector,6.586777371796775,-47.40310416805785,0.6432891455188392
compound_00260,3.768132444587689,13.57503317174775,4,dirty_connector,1.4649575173492964,,0.8650515455009145
compound_00261,19.897087802553706,20.81704210235913,4,dirty_connector,3.34502304178896,,1.172506557283271
compound_00261,19.897087802553706,20.81704210235913,2,bad_splice,8.036080324591243,,1.361837128651854
compound_00262,19.110891225324675,18.6722224996462,4,dirty_connector,8.377849039407446,,1.3257634278816164
compound_00262,19.110891225324675,18.6722224996462,1,fiber_tapping,2.401374222932976,,0.13601841855984712
compound_00263,16.548646981054517,7.652623749276912,6,pc_connector,1.1745058168031821,-13.124985297992223,0.27274300384120354
compound_00263,16.548646981054517,7.652623749276912,4,dirty_connector,3.6256788794579116,,2.10878000490775
compound_00263,16.548646981054517,7.652623749276912,7,reflector,1.1677979073834759,-50.870041628695255,0.24625646706715
compound_00264,10.56179826315287,25.81308681134532,7,reflector,8.367445361542803,-45.382437729723506,0.15025721016560364
compound_00264,10.56179826315287,25.81308681134532,7,reflector,5.44718308992174,-45.551421288239865,0.3597955615396574
compound_00264,10.56179826315287,25.81308681134532,3,bending,8.357484306519291,,3.5486771589772514
compound_00265,19.244370738489547,14.679471696138263,6,pc_connector,4.20769746720436,-11.726061757270426,0.5902758116082605
compound_00265,19.244370738489547,14.679471696138263,3,bending,2.1054633159686573,,3.2517234698271302
compound_00265,19.244370738489547,14.679471696138263,4,dirty_connector,4.2349136003850845,,2.850896164694471
compound_00266,8.02775767510844,7.138064506257811,7,reflector,1.090614154263891,-54.730672464516054,0.7116115631156398
compound_00266,8.02775767510844,7.138064506257811,2,bad_splice,3.522832923560093,,2.589377485856394
compound_00267,6.148089894370038,23.899606503236278,3,bending,4.251599003920084,,3.335816497080739
compound_00267,6.148089894370038,23.899606503236278,1,fiber_tapping,4.230369824220061,,0.14456268393101224
compound_00268,10.444810748815415,16.473821149580314,4,dirty_connector,6.422684309778427,,0.8184032848239866
compound_00268,10.444810748815415,16.473821149580314,6,pc_connector,2.9515122496239306,-13.937477909368381,0.47375159809279427
compound_00269,-3.167945226269299,19.892643910049987,2,bad_splice,8.270138986990522,,1.7279421806891189
compound_00269,-3.167945226269299,19.892643910049987,7,reflector,9.826214908286412,-52.22717558872104,0.2436686209471295
compound_00270,18.36713890805488,14.78466411108819,6,pc_connector,5.402896980051442,-13.473575685412245,0.7519613774131644
compound_00270,18.36713890805488,14.78466411108819,3,bending,2.972005764527747,,5.122128350502878
compound_00270,18.36713890805488,14.78466411108819,4,dirty_connector,4.8995090995613975,,2.257735647657431
compound_00271,1.9191681084242118,17.83589052778907,3,bending,2.8500289650694928,,2.0280989193761148
compound_00271,1.9191681084242118,17.83589052778907,4,dirty_connector,2.86469660721389,,1.4960860734821964
compound_00271,1.9191681084242118,17.83589052778907,6,pc_connector,10.621615348911439,-12.848340724621018,0.9809732610569808
compound_00272,9.08634427846896,8.211913434299849,3,bending,2.5325681883174056,,5.504509613931064
compound_00272,9.08634427846896,8.211913434299849,6,pc_connector,5.4826975246898435,-12.033227088323942,0.4677582680394544
compound_00272,9.08634427846896,8.211913434299849,6,pc_connector,5.125016718904499,-12.30352407020217,0.41981251769039746
compound_00273,11.57020125077263,25.77852808702242,6,pc_connector,12.648859808967078,-12.601104065363447,1.1994078525482306
compound_00273,11.57020125077263,25.77852808702242,3,bending,12.689651548128165,,2.4262686058245295
compound_00273,11.57020125077263,25.77852808702242,3,bending,12.130894956151415,,1.8766629379956141
compound_00274,8.654208290827935,27.847186218443507,1,fiber_tapping,14.333693443431397,,0.4156286901977275
compound_00274,8.654208290827935,27.847186218443507,7,reflector,14.315823604398975,-40.14706900090051,0.5432485463728209
compound_00274,8.654208290827935,27.847186218443507,4,dirty_connector,22.973374609418425,,2.142536867212768
compound_00275,1.392456654186951,23.901605977181216,3,bending,10.305759103277254,,4.782869037443201
compound_00275,1.392456654186951,23.901605977181216,2,bad_splice,18.073183759601246,,1.4222407348920467
compound_00276,-2.2190433899758286,18.478689932161508,1,fiber_tapping,6.623386716861626,,0.30349666137983805
compound_00276,-2.2190433899758286,18.478689932161508,4,dirty_connector,2.2866131422576315,,0.5654103725853183
compound_00276,-2.2190433899758286,18.478689932161508,2,bad_splice,6.634740583449327,,2.6167169109817805
compound_00277,8.539481790121034,27.823373482434686,3,bending,9.062731959508348,,4.911146911584253
compound_00277,8.539481790121034,27.823373482434686,1,fiber_tapping,19.85784793722862,,0.43498294519279707
compound_00278,0.5052147706443035,11.961030872690039,6,pc_connector,6.468431050068212,-11.248209694909056,0.6879429784549921
compound_00278,0.5052147706443035,11.961030872690039,7,reflector,6.434069889825713,-41.79805884315526,0.3062408362552965
compound_00279,-2.400236371118651,39.58908782197643,7,reflector,22.121629790934662,-44.574255471998484,0.9569564812928734
compound_00279,-2.400236371118651,39.58908782197643,1,fiber_tapping,27.25693606535814,,0.3419945863834113
compound_00279,-2.400236371118651,39.58908782197643,2,bad_splice,21.030889501162378,,1.3596335704021731
compound_00280,15.1256345588031,24.99241355754337,7,reflector,5.919905417313927,-40.87197004147468,0.21723448557864156
compound_00280,15.1256345588031,24.99241355754337,7,reflector,10.633171430933638,-47.03728679053567,0.19207752785683574
compound_00280,15.1256345588031,24.99241355754337,7,reflector,7.158818910616969,-52.742393822327045,0.7195111081094526
compound_00281,4.168842522372813,16.05097148932066,1,fiber_tapping,9.385802271645165,,0.4310493061825755
compound_00281,4.168842522372813,16.05097148932066,7,reflector,9.699404184035233,-42.301049118008656,0.8532663553394596
compound_00281,4.168842522372813,16.05097148932066,3,bending,9.382573168106955,,5.492206399693565
compound_00282,8.462642540649913,32.8154179695197,7,reflector,9.580461899106973,-45.918912199201785,0.49934738183284244
compound_00282,8.462642540649913,32.8154179695197,1,fiber_tapping,11.831951936298344,,0.42245658145659604
compound_00282,8.462642540649913,32.8154179695197,6,pc_connector,9.566975773763513,-12.583351036153886,0.7033349505547422
compound_00283,4.346048966913045,28.526949950365506,4,dirty_connector,14.503077761211346,,3.9180476173203194
compound_00283,4.346048966913045,28.526949950365506,7,reflector,14.46002547698191,-49.989121266010024,0.7258087186109368
compound_00283,4.346048966913045,28.526949950365506,3,bending,14.545715005314879,,2.622261180046473
compound_00284,11.860730941544109,26.76612566090298,1,fiber_tapping,14.34396062871458,,0.09449473488585539
compound_00284,11.860730941544109,26.76612566090298,4,dirty_connector,15.86004982804028,,2.690182622579482
compound_00285,-2.2693802789164423,37.05925261508935,6,pc_connector,14.329911817467167,-12.748667666467803,1.127334601490227
compound_00285,-2.2693802789164423,37.05925261508935,3,bending,15.140114091407366,,3.589684638840219
compound_00286,-4.103745832150319,37.26802460825527,2,bad_splice,4.246088502153176,,0.5398588592236196
compound_00286,-4.103745832150319,37.26802460825527,6,pc_connector,17.038925478255162,-12.758225513201095,0.36323276940828675
compound_00286,-4.103745832150319,37.26802460825527,4,dirty_connector,24.35769494900651,,1.2934963149327114
compound_00287,6.7074489285231955,28.454167728801398,4,dirty_connector,11.584402840418532,,3.9291334683662753
compound_00287,6.7074489285231955,28.454167728801398,2,bad_splice,6.918091434879701,,0.6582655332191238
compound_00287,6.7074489285231955,28.454167728801398,6,pc_connector,14.411291585335452,-11.744617616700593,0.7836672820778046
compound_00288,11.373689375759401,28.270378207801855,1,fiber_tapping,15.735367371988753,,0.4264593000957089
compound_00288,11.373689375759401,28.270378207801855,2,bad_splice,11.695791611142946,,2.9439039460085734
compound_00288,11.373689375759401,28.270378207801855,6,pc_connector,3.691959192046412,-11.777067117493846,1.0043335861560634
compound_00289,16.807518998790563,37.02730070361757,6,pc_connector,22.073563410638243,-12.291653772803672,1.186908808242016
compound_00289,16.807518998790563,37.02730070361757,7,reflector,22.015051303700496,-51.587175344901425,0.5654866603857172
compound_00290,4.103926503957608,23.914435762209962,1,fiber_tapping,4.1854110856615465,,0.45081682677823404
compound_00290,4.103926503957608,23.914435762209962,7,reflector,4.219835009621733,-40.65498251314671,0.7913388822916542
compound_00291,8.467388497960203,5.466409176811463,1,fiber_tapping,0.6163307891836309,,0.45770151630415
compound_00291,8.467388497960203,5.466409176811463,1,fiber_tapping,2.240201571283932,,0.05114838533687184
compound_00291,8.467388497960203,5.466409176811463,7,reflector,0.6068060978849047,-41.170354691565606,0.7024811602775096
compound_00292,5.466220605354476,19.536085961392605,4,dirty_connector,10.121112073773872,,0.5066123751788476
compound_00292,5.466220605354476,19.536085961392605,6,pc_connector,7.210198088531402,-12.350893294758501,0.9294011811378611
compound_00292,5.466220605354476,19.536085961392605,2,bad_splice,5.5002262475799295,,0.4817009609506868
compound_00293,6.830629787521518,11.89012767848092,6,pc_connector,2.856084889657589,-11.586782834533455,0.5593879220974329
compound_00293,6.830629787521518,11.89012767848092,3,bending,4.56296442466228,,5.532963659179594
compound_00294,-4.803478462254628,18.806430832946727,3,bending,4.527929952313375,,0.524052724261906
compound_00294,-4.803478462254628,18.806430832946727,6,pc_connector,2.5985887976704363,-11.209716355967053,1.0286985810917668
compound_00295,9.91489790161243,23.47311186462341,7,reflector,8.048457300308062,-54.110189277201044,0.7104435202033423
compound_00295,9.91489790161243,23.47311186462341,1,fiber_tapping,7.955497516044584,,0.20482451975812427
compound_00296,15.906023869647726,39.43439710065807,7,reflector,12.773025228889837,-41.24249930898889,0.17591518289081973
compound_00296,15.906023869647726,39.43439710065807,4,dirty_connector,8.057842196972206,,1.9624104137729885
compound_00296,15.906023869647726,39.43439710065807,1,fiber_tapping,11.853125864508392,,0.16483794787828535
compound_00297,16.47933958569599,26.482503166229602,3,bending,8.14312732479786,,3.067978135883769
compound_00297,16.47933958569599,26.482503166229602,2,bad_splice,8.1464822332243,,1.2728648378923955
compound_00298,19.864786685229053,30.0471707572663,6,pc_connector,15.768338615649318,-11.61065560197547,1.1753194938608518
compound_00298,19.864786685229053,30.0471707572663,2,bad_splice,15.709760268215787,,2.440170452156014
compound_00299,4.463759947884572,35.7639760444115,7,reflector,18.07531432570565,-44.36999504995424,0.8870524720398567
compound_00299,4.463759947884572,35.7639760444115,2,bad_splice,25.665614423681408,,0.8211128723599774
compound_00300,15.958539391524834,10.50782823360008,2,bad_splice,5.57400925030651,,1.4162806722697474
compound_00300,15.958539391524834,10.50782823360008,1,fiber_tapping,1.3586946371684552,,0.2073068648271824
compound_00301,17.183394308232984,34.41612858482244,7,reflector,17.317754322091623,-50.86517136272245,0.10985891369668485
compound_00301,17.183394308232984,34.41612858482244,3,bending,17.348775427436095,,3.0033891473471246
compound_00301,17.183394308232984,34.41612858482244,6,pc_connector,22.80507667831711,-13.269330227667023,0.841586124994329
compound_00302,6.3552683107374826,9.959271849723564,4,dirty_connector,4.998357355609892,,0.8042170758543647
compound_00302,6.3552683107374826,9.959271849723564,6,pc_connector,4.968562451808698,-12.625880988673266,1.3963944462887767
compound_00303,11.763686111347567,26.46107972255621,6,pc_connector,5.18167322778846,-12.244500896358739,1.1433053445999688
compound_00303,11.763686111347567,26.46107972255621,1,fiber_tapping,16.715608265522338,,0.18691450796022063
compound_00303,11.763686111347567,26.46107972255621,7,reflector,3.417328082211326,-47.01253211306088,0.3259657448405172
compound_00304,17.19113533385774,29.782236501907764,4,dirty_connector,9.244445281975933,,2.657387488916596
compound_00304,17.19113533385774,29.782236501907764,1,fiber_tapping,9.289771588515807,,0.36042087430248443
compound_00304,17.19113533385774,29.782236501907764,1,fiber_tapping,4.105590243796355,,0.09882846800868489
compound_00305,4.5507304902214205,22.116876716676277,4,dirty_connector,2.5087747257281423,,1.9093421712985328
compound_00305,4.5507304902214205,22.116876716676277,3,bending,5.084574500460173,,5.446348872615924
compound_00306,19.420897241983845,24.244547963746495,6,pc_connector,9.612025509644763,-12.633366435869247,0.42083614727628926
compound_00306,19.420897241983845,24.244547963746495,4,dirty_connector,13.328001857524814,,3.324348931515938
compound_00306,19.420897241983845,24.244547963746495,4,dirty_connector,9.621681901994751,,3.6574830368249205
compound_00307,4.300634887020626,34.424077422663856,3,bending,11.112166267210263,,3.729949203930108
compound_00307,4.300634887020626,34.424077422663856,6,pc_connector,11.105426340419958,-12.594123303104968,0.560964609086605
compound_00307,4.300634887020626,34.424077422663856,1,fiber_tapping,11.077998270783265,,0.3008347500852841
compound_00308,0.0660671640916286,39.353890230075706,1,fiber_tapping,8.123633337463456,,0.08544362396848088
compound_00308,0.0660671640916286,39.353890230075706,1,fiber_tapping,20.996448864072597,,0.3974550857479435
compound_00308,0.0660671640916286,39.353890230075706,4,dirty_connector,29.271561525598173,,0.5212043037166587
compound_00309,19.18485267138826,7.214640714185336,7,reflector,4.142015246238817,-48.608346820375566,0.5884706576369028
compound_00309,19.18485267138826,7.214640714185336,1,fiber_tapping,3.1744420098510595,,0.2578620888948112
compound_00309,19.18485267138826,7.214640714185336,6,pc_connector,4.092960560718292,-13.28577832756185,0.4220387377957418
compound_00310,19.86810350595155,13.324024339405563,3,bending,6.109070654795961,,2.827389156025747
compound_00310,19.86810350595155,13.324024339405563,1,fiber_tapping,9.947643124532577,,0.17685587553773718
compound_00311,10.144994743516293,31.997309037633766,6,pc_connector,15.904437230940186,-11.216667189376748,1.2979064022684061
compound_00311,10.144994743516293,31.997309037633766,2,bad_splice,20.021459096343232,,0.38969183073032776
compound_00311,10.144994743516293,31.997309037633766,3,bending,12.974353331422584,,3.659281403402029
compound_00312,-0.35225508576582776,35.58662240180448,2,bad_splice,14.039492987225007,,1.7457748717200146
compound_00312,-0.35225508576582776,35.58662240180448,4,dirty_connector,25.629789082529612,,1.0646354645096152
compound_00313,2.3308279394267313,20.30153867755495,2,bad_splice,4.338585855034043,,2.2066322102660574
compound_00313,2.3308279394267313,20.30153867755495,6,pc_connector,17.574798813960864,-13.02245878210528,1.212868432745915
compound_00314,10.35626193142451,35.50473658007658,3,bending,5.341873669292709,,1.2574848101088427
compound_00314,10.35626193142451,35.50473658007658,3,bending,5.335200181285648,,1.631243646701172
compound_00315,8.428462012098874,18.216352777504902,6,pc_connector,9.27700927400609,-11.802233636525619,0.6836679009431319
compound_00315,8.428462012098874,18.216352777504902,1,fiber_tapping,7.890192517105971,,0.08613632399428547
compound_00315,8.428462012098874,18.216352777504902,6,pc_connector,9.217262314443758,-13.963089752941922,0.8345381464141086
compound_00316,3.3193827002746588,12.558251804822536,1,fiber_tapping,2.024163584416312,,0.46560777696454025
compound_00316,3.3193827002746588,12.558251804822536,1,fiber_tapping,2.0243281639033555,,0.43168642854179917
compound_00316,3.3193827002746588,12.558251804822536,7,reflector,7.441215094251068,-43.326976165863506,0.38978614425698743
compound_00317,8.036330196580273,26.63670944985991,7,reflector,9.033972440743845,-47.95792046502177,0.17895778205224225
compound_00317,8.036330196580273,26.63670944985991,6,pc_connector,9.023082147367244,-12.679731333034148,0.9844779525733591
compound_00318,6.614389868973793,37.065403086100076,4,dirty_connector,19.254545645873684,,2.7701734939842826
compound_00318,6.614389868973793,37.065403086100076,6,pc_connector,19.23620773525748,-13.925849546143322,0.5262471689381738
compound_00319,19.77299324987391,37.81286938844022,4,dirty_connector,22.340903022595292,,2.9049697439385787
compound_00319,19.77299324987391,37.81286938844022,1,fiber_tapping,13.01114468180587,,0.05833476117454939
compound_00320,0.28483394799308126,39.424411046695724,6,pc_connector,11.297928598062555,-11.482242264169784,1.4639466042050844
compound_00320,0.28483394799308126,39.424411046695724,2,bad_splice,25.74484160070356,,2.899594805986191
compound_00320,0.28483394799308126,39.424411046695724,6,pc_connector,26.949048943846734,-13.563209662274849,0.9901890943926153
compound_00321,10.122611663203637,8.598392546274374,3,bending,2.2836124765656947,,2.07066226827101
compound_00321,10.122611663203637,8.598392546274374,2,bad_splice,6.62490916179112,,0.8845819059807578
compound_00322,16.138094016489468,36.567629999622085,6,pc_connector,20.694757767156094,-12.927810717939535,0.8688560565692467
compound_00322,16.138094016489468,36.567629999622085,4,dirty_connector,20.68338163365134,,3.320189348749376
compound_00323,-4.003656916724908,28.718663829395258,2,bad_splice,7.932447210084562,,1.2961865002896542
compound_00323,-4.003656916724908,28.718663829395258,1,fiber_tapping,19.77567458249363,,0.30994900680490295
compound_00324,14.855582486015194,16.55101857612087,4,dirty_connector,9.475930109293007,,3.416141021679214
compound_00324,14.855582486015194,16.55101857612087,6,pc_connector,1.8080684466931491,-11.495737205151652,0.9712749689821583
compound_00324,14.855582486015194,16.55101857612087,7,reflector,11.844459392566606,-53.572410047067706,0.7415844552239351
compound_00325,7.958793735340665,26.477235775869925,6,pc_connector,10.171756706561542,-12.326612761337298,1.3396881752269139
compound_00325,7.958793735340665,26.477235775869925,1,fiber_tapping,10.123140707731013,,0.30959644303946654
compound_00326,0.6696554994500854,34.75041418948107,6,pc_connector,9.541377398537993,-12.80259061336237,0.2795011438208904
compound_00326,0.6696554994500854,34.75041418948107,3,bending,19.407933227107463,,5.966177093899152
compound_00327,-0.6160925436693923,15.521436948400524,6,pc_connector,4.564335376942062,-12.851041496119262,1.0781588056822353
compound_00327,-0.6160925436693923,15.521436948400524,3,bending,3.7809416150944752,,5.74632279155742
compound_00327,-0.6160925436693923,15.521436948400524,1,fiber_tapping,4.519399004779231,,0.08568327530409398
compound_00328,5.6834150801297625,9.65707435655308,6,pc_connector,2.6856601364316663,-13.833743823896086,0.3409859241469842
compound_00328,5.6834150801297625,9.65707435655308,1,fiber_tapping,7.160305632387841,,0.13813879724689868
compound_00328,5.6834150801297625,9.65707435655308,4,dirty_connector,4.2332517330405315,,1.7410766542928187
compound_00329,9.161591160141707,15.455353524210652,4,dirty_connector,8.661998954838792,,2.7663370146224318
compound_00329,9.161591160141707,15.455353524210652,1,fiber_tapping,8.699109899220636,,0.2720960170024197
compound_00330,3.215474125475014,23.84936634681837,1,fiber_tapping,10.70083673221792,,0.451504949296955
compound_00330,3.215474125475014,23.84936634681837,3,bending,10.724995573076281,,3.4933776921503323
compound_00330,3.215474125475014,23.84936634681837,6,pc_connector,4.0309677550915275,-12.698634582447028,0.35458392487108303
compound_00331,6.619178590841518,12.694624714013651,4,dirty_connector,1.5141532156080182,,1.3517410925434041
compound_00331,6.619178590841518,12.694624714013651,7,reflector,3.9154479794081576,-42.51710408389738,0.10210615690024581
compound_00331,6.619178590841518,12.694624714013651,1,fiber_tapping,7.865213194318332,,0.2729415121392809
compound_00332,17.732269223077324,13.028050274970164,2,bad_splice,5.5715948812955585,,2.562505542789372
compound_00332,17.732269223077324,13.028050274970164,1,fiber_tapping,5.552491790318518,,0.4207273513274454
compound_00333,11.801968898376163,39.59729681161907,4,dirty_connector,22.011219675767126,,0.6974058398637906
compound_00333,11.801968898376163,39.59729681161907,7,reflector,29.08688711941476,-53.23685817118961,0.5000321029992989
compound_00333,11.801968898376163,39.59729681161907,7,reflector,22.0342411457529,-47.25661900476865,0.208802607922357
compound_00334,14.532229875654767,13.959877946131423,7,reflector,6.200030732585494,-45.11981761457783,0.3554749107695465
compound_00334,14.532229875654767,13.959877946131423,4,dirty_connector,6.154664584714733,,3.473456519888435
compound_00334,14.532229875654767,13.959877946131423,4,dirty_connector,8.697963085929416,,1.2683609928592292
compound_00335,7.389392361912623,16.375803591195073,1,fiber_tapping,3.498896715575784,,0.2500749605380096
compound_00335,7.389392361912623,16.375803591195073,6,pc_connector,7.763298095276909,-12.35029861158753,0.2810663222088393
compound_00335,7.389392361912623,16.375803591195073,3,bending,6.297470367081254,,3.3726892599369744
compound_00336,3.307465374323513,35.692744448614434,3,bending,8.381232301081425,,3.6934081088596864
compound_00336,3.307465374323513,35.692744448614434,1,fiber_tapping,23.92730467466953,,0.4210059754973622
compound_00337,14.530511512509097,9.041893544377672,6,pc_connector,2.9182607329244723,-12.681920648398807,0.2074570768317606
compound_00337,14.530511512509097,9.041893544377672,2,bad_splice,1.530441249351906,,1.5946233696419039
compound_00338,14.731838746583456,38.475833406482295,3,bending,5.440027889942743,,4.21561122385682
compound_00338,14.731838746583456,38.475833406482295,2,bad_splice,19.281939729237543,,1.4428952698985298
compound_00338,14.731838746583456,38.475833406482295,4,dirty_connector,32.2285990308479,,0.7627611247055606
compound_00339,2.4081060880634073,12.504886975595348,3,bending,2.9819428242446704,,2.7271127392311127
compound_00339,2.4081060880634073,12.504886975595348,7,reflector,2.3528105205993324,-40.94651355933484,0.4959355006152453
compound_00339,2.4081060880634073,12.504886975595348,4,dirty_connector,2.9737822825605242,,0.9616103700217684
compound_00340,5.235086838890355,12.095780552428671,3,bending,5.0605261803544845,,5.05538183087775
compound_00340,5.235086838890355,12.095780552428671,7,reflector,7.870914488552765,-41.52144617410243,0.7997006885323366
compound_00341,14.898919196849334,17.36363711049799,1,fiber_tapping,5.644345563827781,,0.3608541098173331
compound_00341,14.898919196849334,17.36363711049799,3,bending,5.589881978121302,,2.4114494906838866
compound_00341,14.898919196849334,17.36363711049799,7,reflector,5.6504545349576825,-49.2583798900304,0.8302864191891765
compound_00342,1.2754980076468128,15.406716241548676,2,bad_splice,2.107651276483316,,1.6066222450346934
compound_00342,1.2754980076468128,15.406716241548676,2,bad_splice,13.467586279205802,,2.351280045569834
compound_00342,1.2754980076468128,15.406716241548676,2,bad_splice,10.448576292684363,,2.349178491170144
compound_00343,17.313666070896286,31.71715505850777,6,pc_connector,16.683217261176516,-11.764552140801591,0.5831700506344946
compound_00343,17.313666070896286,31.71715505850777,7,reflector,16.624260335394265,-51.52080185825944,0.7781955828150559
compound_00343,17.313666070896286,31.71715505850777,7,reflector,16.641420435356505,-46.46707849207138,0.9688612394187545
compound_00344,9.699967223958133,37.784225923413636,2,bad_splice,21.735905405890612,,2.8234359008563583
compound_00344,9.699967223958133,37.784225923413636,4,dirty_connector,21.75719593860161,,1.4657131577680238
compound_00344,9.699967223958133,37.784225923413636,1,fiber_tapping,8.547604462186783,,0.06448386481574762
compound_00345,18.591090128312096,33.81009331189683,6,pc_connector,11.614629344127597,-12.771769162038126,0.9506268889547589
compound_00345,18.591090128312096,33.81009331189683,1,fiber_tapping,4.024593750470822,,0.22900330884226072
compound_00346,17.56371350248014,15.324292222320244,3,bending,4.935287141748956,,4.468051115581807
compound_00346,17.56371350248014,15.324292222320244,4,dirty_connector,5.788788563275851,,2.5112612933589147
compound_00347,-3.5067326703640447,5.703448173370672,7,reflector,1.9130103795783255,-42.20352997351294,0.15756987066375455
compound_00347,-3.5067326703640447,5.703448173370672,2,bad_splice,1.8833045179334407,,0.9861633314470002
compound_00347,-3.5067326703640447,5.703448173370672,2,bad_splice,3.4437787013191468,,1.2735807713913252
compound_00348,10.282066166007372,28.020133006108892,4,dirty_connector,11.508510239605792,,3.0746139874115275
compound_00348,10.282066166007372,28.020133006108892,1,fiber_tapping,11.511747363851986,,0.4405117730308593
compound_00348,10.282066166007372,28.020133006108892,2,bad_splice,11.510930005497606,,1.7380271470966058
compound_00349,7.235989941056626,8.152082668473565,4,dirty_connector,2.782389037056111,,0.577930673413634
compound_00349,7.235989941056626,8.152082668473565,1,fiber_tapping,4.5449006085874455,,0.35298999865465625
compound_00350,6.234914740638974,30.229782329307827,2,bad_splice,6.379749662472786,,0.7462343180057662
compound_00350,6.234914740638974,30.229782329307827,7,reflector,26.717060722273096,-53.961128125327896,0.2742896037891845
compound_00351,9.86375706178182,26.64296146715067,3,bending,12.715282250691168,,2.9664976914648684
compound_00351,9.86375706178182,26.64296146715067,7,reflector,12.753519121942903,-43.861845024733114,0.3669102795067467
compound_00351,9.86375706178182,26.64296146715067,7,reflector,12.65714453702976,-44.89919239085289,0.8998406271642232
compound_00352,3.0083954810601092,23.65409713519206,6,pc_connector,2.8315950191750523,-12.23170843286756,0.9145096033201043
compound_00352,3.0083954810601092,23.65409713519206,2,bad_splice,2.808075842207662,,1.067442405073238
compound_00352,3.0083954810601092,23.65409713519206,6,pc_connector,7.836670338340352,-13.050351092483071,0.4732346926834265
compound_00353,11.848873249114597,6.236534919338309,2,bad_splice,2.607721255886136,,1.4462762867828844
compound_00353,11.848873249114597,6.236534919338309,7,reflector,3.208749129032476,-52.676443878077535,0.1498570435066136
compound_00354,-3.8853072756523566,26.690277109095494,7,reflector,7.520416098941716,-52.83277285396926,0.7785919994721506
compound_00354,-3.8853072756523566,26.690277109095494,3,bending,7.5731366870873496,,1.3096784195271927
compound_00355,11.084126450814313,36.59045021511214,1,fiber_tapping,18.061512404556517,,0.17246473835514237
compound_00355,11.084126450814313,36.59045021511214,6,pc_connector,9.630153560529482,-12.634999213541272,0.3776789363996157
compound_00355,11.084126450814313,36.59045021511214,7,reflector,24.77632009190882,-50.44560612157465,0.46575958170060106
compound_00356,5.287124015285503,37.36350671169331,3,bending,4.673956338990251,,5.919318485401487
compound_00356,5.287124015285503,37.36350671169331,7,reflector,19.90215216563722,-44.805979095693274,0.6940275498614884
compound_00357,4.492452351312956,20.56472808212601,4,dirty_connector,5.836492881473328,,1.4435162756492854
compound_00357,4.492452351312956,20.56472808212601,6,pc_connector,12.100062528046909,-12.787308053711232,0.8093944527179902
compound_00357,4.492452351312956,20.56472808212601,6,pc_connector,5.803438780960662,-13.873599762603494,0.34524420326755634
compound_00358,12.772765860659632,25.70736552560503,1,fiber_tapping,11.25825786023588,,0.3954379087313942
compound_00358,12.772765860659632,25.70736552560503,2,bad_splice,2.7586866360357494,,0.6486766562122909
compound_00358,12.772765860659632,25.70736552560503,4,dirty_connector,19.197127448971127,,3.855065103688696
compound_00359,3.8786821397739892,24.954955689475053,4,dirty_connector,7.623744760394212,,2.2097087223805394
compound_00359,3.8786821397739892,24.954955689475053,2,bad_splice,7.587711232688662,,2.2251566056155325
compound_00360,14.659498041904818,30.832679908392148,4,dirty_connector,11.958108184970824,,1.1046218930775527
compound_00360,14.659498041904818,30.832679908392148,3,bending,22.063003746602963,,2.221071528214387
compound_00361,13.337945111478714,24.50888123918651,7,reflector,11.388451838431504,-43.60188376533404,0.18859832435827184
compound_00361,13.337945111478714,24.50888123918651,3,bending,11.346056149810543,,0.6821312569237739
compound_00362,15.013755699331199,37.28842585981495,3,bending,15.057872883142164,,4.076876770008983
compound_00362,15.013755699331199,37.28842585981495,3,bending,15.035470551378038,,4.348567783636116
compound_00363,14.936252223334296,25.060536838719024,1,fiber_tapping,13.980215198774959,,0.080983675610872
compound_00363,14.936252223334296,25.060536838719024,6,pc_connector,14.010200994095495,-11.322382746600907,0.7610566664578133
compound_00363,14.936252223334296,25.060536838719024,4,dirty_connector,19.232204803437646,,3.1924216130447824
compound_00364,7.184029703167546,8.73091474001088,4,dirty_connector,1.7798690215666193,,2.017990292321982
compound_00364,7.184029703167546,8.73091474001088,6,pc_connector,1.8247089055984014,-13.648645220332844,0.46251242826077715
compound_00364,7.184029703167546,8.73091474001088,6,pc_connector,1.7662288552366743,-11.3418746232188,0.5619773193786054
compound_00365,17.631458666160263,29.505874927987843,2,bad_splice,15.08179928853038,,0.4631725703725907
compound_00365,17.631458666160263,29.505874927987843,4,dirty_connector,16.114885562160428,,1.287388082988596
compound_00365,17.631458666160263,29.505874927987843,6,pc_connector,23.450020909060314,-12.413031878085665,0.6965009600191083
compound_00366,9.536075731384775,32.39365154804652,1,fiber_tapping,6.0823976718489785,,0.06227790173924172
compound_00366,9.536075731384775,32.39365154804652,3,bending,6.129552529598713,,2.1295924879382175
compound_00366,9.536075731384775,32.39365154804652,3,bending,12.186443081672985,,4.439333214824866
compound_00367,1.6444826403570243,26.85952376639889,4,dirty_connector,8.761192181965178,,0.7104295202838173
compound_00367,1.6444826403570243,26.85952376639889,7,reflector,8.761506069324751,-44.09416380622897,0.6930531567762998
compound_00368,11.006922849147152,22.337839639423898,6,pc_connector,7.4525025501305,-12.350637566417934,1.2698755037265124
compound_00368,11.006922849147152,22.337839639423898,3,bending,16.28114885086634,,3.5855898410439195
compound_00369,5.808101622797805,12.877167055492546,4,dirty_connector,6.519381659893247,,1.3062717854376666
compound_00369,5.808101622797805,12.877167055492546,3,bending,10.695220767819576,,3.712479738380482
compound_00370,6.04925411351376,14.068529111491719,6,pc_connector,8.05893658541566,-11.672138668324818,1.0350691189724188
compound_00370,6.04925411351376,14.068529111491719,6,pc_connector,8.04756413397336,-13.229731590110118,1.282138971759909
compound_00371,2.9791262972908754,15.450620692462499,2,bad_splice,4.254368955978575,,1.276734654397933
compound_00371,2.9791262972908754,15.450620692462499,4,dirty_connector,11.26481489791367,,3.8653119270403073
compound_00372,16.869566505708313,23.404005182977542,2,bad_splice,13.217139219269491,,1.5944809840198615
compound_00372,16.869566505708313,23.404005182977542,7,reflector,12.010217724591602,-48.11056300267628,0.32344147096464837
compound_00372,16.869566505708313,23.404005182977542,7,reflector,16.321905711085883,-41.40845505830286,0.47123659982881205
compound_00373,2.6730635226485626,24.33939747640141,7,reflector,9.858954228049553,-51.642779660666356,0.6376441098918163
compound_00373,2.6730635226485626,24.33939747640141,6,pc_connector,15.9251959091981,-12.437826125498823,0.6156976021391776
compound_00374,13.180345860949018,8.603686338465174,1,fiber_tapping,4.010009356338278,,0.21609650774171574
compound_00374,13.180345860949018,8.603686338465174,1,fiber_tapping,6.416554087368665,,0.26181259160797604
compound_00374,13.180345860949018,8.603686338465174,3,bending,3.4144362337736833,,1.4452956848523408
compound_00375,11.377086070004864,14.36676041853242,6,pc_connector,7.886885209491437,-13.53086176028096,0.4233070273199606
compound_00375,11.377086070004864,14.36676041853242,1,fiber_tapping,7.868385338004211,,0.17884745326421714
compound_00376,19.956929074800573,38.42086650656452,7,reflector,20.593695026422576,-40.00146648878367,0.4105366675442045
compound_00376,19.956929074800573,38.42086650656452,2,bad_splice,27.794592782193845,,2.6434009299073526
compound_00377,5.712283545864249,17.248231969812167,2,bad_splice,7.179895907750582,,0.9993486557612272
compound_00377,5.712283545864249,17.248231969812167,3,bending,3.2617676918901086,,2.0483643914166225
compound_00378,16.497009906982544,32.70675570562642,7,reflector,6.3450458972336525,-47.52417088572058,0.8520941501304848
compound_00378,16.497009906982544,32.70675570562642,3,bending,6.901369574142665,,1.2889607151059108
compound_00378,16.497009906982544,32.70675570562642,6,pc_connector,28.884702503014545,-12.887057239845143,1.0605814294680764
compound_00379,-1.255255411638574,16.767870565958113,3,bending,6.997616555506785,,0.6698987816696969
compound_00379,-1.255255411638574,16.767870565958113,1,fiber_tapping,6.969941260809488,,0.4756016110191499
compound_00379,-1.255255411638574,16.767870565958113,4,dirty_connector,5.478106187782518,,3.191858166571032
compound_00380,17.382022022766524,10.745760627181475,1,fiber_tapping,2.086065818291325,,0.49607803821101126
compound_00380,17.382022022766524,10.745760627181475,2,bad_splice,2.0813833879118886,,1.0978660220827234
compound_00380,17.382022022766524,10.745760627181475,1,fiber_tapping,3.929249903464026,,0.19234007856968438
compound_00381,11.920777915601622,7.634219044190775,2,bad_splice,2.9430814911625434,,2.4758099451725797
compound_00381,11.920777915601622,7.634219044190775,1,fiber_tapping,5.112126452360589,,0.212280023416331
compound_00382,8.560465864937058,22.560595092692378,1,fiber_tapping,11.381996259672167,,0.08805003046259392
compound_00382,8.560465864937058,22.560595092692378,2,bad_splice,11.345659521410838,,2.791968259561104
compound_00383,3.5234370880161148,24.960295639369352,1,fiber_tapping,12.527353505591133,,0.1673269967839474
compound_00383,3.5234370880161148,24.960295639369352,7,reflector,6.164939271889735,-47.692588201811255,0.2854839448943528
compound_00383,3.5234370880161148,24.960295639369352,2,bad_splice,12.058010525415508,,0.6507853065435605
compound_00384,15.864435842445822,33.94576451772273,7,reflector,5.066900212544857,-51.304968148772986,0.6109403951518338
compound_00384,15.864435842445822,33.94576451772273,7,reflector,10.896448362147323,-51.83822693772465,0.1883470359900269
compound_00384,15.864435842445822,33.94576451772273,2,bad_splice,13.57983546826462,,1.780263069800472
compound_00385,-0.5001816313416683,29.500739539544362,4,dirty_connector,11.975628727823999,,1.047591086248409
compound_00385,-0.5001816313416683,29.500739539544362,7,reflector,11.991480415528176,-41.15362434900282,0.6870353550312642
compound_00385,-0.5001816313416683,29.500739539544362,4,dirty_connector,6.338719870616468,,3.6460086366601545
compound_00386,12.707870668662036,13.13563926134883,7,reflector,1.5366197105496697,-43.263513165513025,0.8037432646703044
compound_00386,12.707870668662036,13.13563926134883,4,dirty_connector,6.040291405943978,,3.535986110928535
compound_00386,12.707870668662036,13.13563926134883,4,dirty_connector,1.4774603760095688,,2.3083610189467834
compound_00387,4.052957796663975,29.79968929858303,7,reflector,12.614452918310343,-45.04117745848366,0.41755908834873834
compound_00387,4.052957796663975,29.79968929858303,7,reflector,4.169407121210302,-45.5592470985451,0.5641469527921299
compound_00388,19.197642891834114,7.996665705399506,4,dirty_connector,1.7546609760438587,,1.4054883519844947
compound_00388,19.197642891834114,7.996665705399506,1,fiber_tapping,1.7868456283776553,,0.22654859393793297
compound_00388,19.197642891834114,7.996665705399506,2,bad_splice,3.502001818452914,,1.1166919210267607
compound_00389,17.667633066533703,15.741918564397468,7,reflector,7.197727331745537,-43.83935445381888,0.2779669387010722
compound_00389,17.667633066533703,15.741918564397468,2,bad_splice,7.243854490968331,,0.6593548229981276
compound_00389,17.667633066533703,15.741918564397468,3,bending,6.199512453311832,,5.8972948134773775
compound_00390,2.0612847419414457,34.85872868289913,4,dirty_connector,10.009375848679054,,2.606501781234597
compound_00390,2.0612847419414457,34.85872868289913,3,bending,10.06841749117482,,3.35893213657124
compound_00391,4.764858493536291,27.014602645057046,2,bad_splice,15.872050002648857,,1.0869307983407184
compound_00391,4.764858493536291,27.014602645057046,2,bad_splice,11.525952954383701,,2.4825902786704206
compound_00391,4.764858493536291,27.014602645057046,4,dirty_connector,13.804917252875937,,2.394440063775276
compound_00392,6.8567641616156845,33.36098636789454,1,fiber_tapping,7.006070110179685,,0.20521957449668005
compound_00392,6.8567641616156845,33.36098636789454,2,bad_splice,14.543450139044026,,0.9329991799010517
compound_00393,0.1769078569114111,9.743213600269195,2,bad_splice,4.968704671706233,,1.4535949159239994
compound_00393,0.1769078569114111,9.743213600269195,4,dirty_connector,5.003191963619816,,3.56971644767052
compound_00393,0.1769078569114111,9.743213600269195,4,dirty_connector,4.423554511573136,,2.149253748425657
compound_00394,3.1957429605556182,16.034110183735443,2,bad_splice,5.436930323178936,,1.4299605600357068
compound_00394,3.1957429605556182,16.034110183735443,3,bending,5.484312874166117,,0.5690660819161519
compound_00395,15.146962078758833,26.208893225196395,3,bending,14.053413515007357,,3.9161744341185094
compound_00395,15.146962078758833,26.208893225196395,4,dirty_connector,14.448645857084566,,3.1691033617506816
compound_00396,12.687857970810711,23.95257054487344,3,bending,4.054444189678489,,4.194267251794933
compound_00396,12.687857970810711,23.95257054487344,7,reflector,4.082334486017475,-47.76359149531079,0.5220265057956373
compound_00397,-2.7660063126399304,33.47006632082227,6,pc_connector,14.252719209280919,-11.50884667506295,0.5687670820325632
compound_00397,-2.7660063126399304,33.47006632082227,2,bad_splice,14.236522804448828,,2.7453449589944916
compound_00398,10.947464461750164,15.139803237230444,1,fiber_tapping,7.221434202708046,,0.15453365296372368
compound_00398,10.947464461750164,15.139803237230444,4,dirty_connector,7.221215038339649,,1.568880516397086
compound_00399,-0.20945081651990538,16.776871830035248,3,bending,8.659009647097655,,3.781976957138827
compound_00399,-0.20945081651990538,16.776871830035248,4,dirty_connector,4.769757840351472,,1.5200985765155237
compound_00400,-1.2608236647965994,36.1751256766057,1,fiber_tapping,9.996131964029093,,0.22145856995785262
compound_00400,-1.2608236647965994,36.1751256766057,3,bending,24.04140279183757,,3.623261753797001
compound_00400,-1.2608236647965994,36.1751256766057,4,dirty_connector,22.65731558881687,,0.8982784524807528
compound_00401,12.818759117490739,21.826635305353705,4,dirty_connector,2.4573200794277517,,1.153974282049397
compound_00401,12.818759117490739,21.826635305353705,2,bad_splice,2.4765488533791653,,1.0907066231115201
compound_00401,12.818759117490739,21.826635305353705,3,bending,2.435531075748235,,5.169842431614302
compound_00402,-0.5592839800988001,34.03020799235768,3,bending,5.833197280711707,,4.302219763655787
compound_00402,-0.5592839800988001,34.03020799235768,6,pc_connector,12.094314374165007,-11.130060028221973,0.7244509905555419
compound_00402,-0.5592839800988001,34.03020799235768,2,bad_splice,15.734584573201538,,0.573099179550304
compound_00403,16.26480010624814,9.840597752676494,3,bending,5.889488077230905,,1.7650847443428963
compound_00403,16.26480010624814,9.840597752676494,7,reflector,2.6987146854435835,-46.843853562899525,0.8931415589314056
compound_00404,5.6259244239797095,21.83889556292662,6,pc_connector,9.308611251397606,-12.113088969617596,0.7132262560130131
compound_00404,5.6259244239797095,21.83889556292662,4,dirty_connector,2.206916199649496,,0.9031819432667416
compound_00404,5.6259244239797095,21.83889556292662,6,pc_connector,17.549547703538963,-12.719792657070613,0.5497251421251887
compound_00405,-4.485969562055726,32.80958397497655,3,bending,14.580946315030442,,5.836235071681035
compound_00405,-4.485969562055726,32.80958397497655,3,bending,14.600594341113908,,2.372161698089148
compound_00406,2.7869420483755167,6.691384048567759,4,dirty_connector,1.218364070513506,,3.4437535121722087
compound_00406,2.7869420483755167,6.691384048567759,1,fiber_tapping,1.1664813925141253,,0.245890804253794
compound_00406,2.7869420483755167,6.691384048567759,1,fiber_tapping,1.242822885935983,,0.15318417995120812
compound_00407,6.3644791908621645,26.42008776754407,4,dirty_connector,9.520724622930974,,3.197612485414819
compound_00407,6.3644791908621645,26.42008776754407,2,bad_splice,13.032509256967673,,2.0052612291930636
compound_00408,14.514589110323666,35.05672230992336,6,pc_connector,9.682568827693345,-12.889326117573118,1.397044786867702
compound_00408,14.514589110323666,35.05672230992336,1,fiber_tapping,9.641481943006308,,0.47257836756372457
compound_00409,0.5733270429669854,23.179883819082182,4,dirty_connector,2.6099777929973706,,1.9551656744120907
compound_00409,0.5733270429669854,23.179883819082182,4,dirty_connector,9.694207333632852,,3.764516941657785
compound_00410,9.819310827054078,22.145011515094506,6,pc_connector,6.406740985039899,-11.344079360651598,0.39037257130307634
compound_00410,9.819310827054078,22.145011515094506,6,pc_connector,6.357254016268679,-13.43763017825669,0.9134518150593418
compound_00411,15.34741498074209,32.08706877337103,1,fiber_tapping,15.628679185100104,,0.4507848443493181
compound_00411,15.34741498074209,32.08706877337103,3,bending,9.196076754967379,,1.6703927032107015
compound_00411,15.34741498074209,32.08706877337103,3,bending,15.625709178488899,,0.6145928964883138
compound_00412,16.923583658703734,28.70124881844403,2,bad_splice,13.075704423359321,,1.5825975144038542
compound_00412,16.923583658703734,28.70124881844403,4,dirty_connector,13.683305879132847,,2.2523245652996478
compound_00412,16.923583658703734,28.70124881844403,7,reflector,22.047909876152218,-54.3839844186486,0.9765447117183449
compound_00413,17.414746765612836,24.434410226408627,6,pc_connector,10.158553440795414,-11.374410619409941,1.0535429445005489
compound_00413,17.414746765612836,24.434410226408627,1,fiber_tapping,16.413434713292332,,0.44831261901644454
compound_00414,3.1983932261840504,19.89245446800989,7,reflector,9.476493062487863,-41.436944197888536,0.36689596711273775
compound_00414,3.1983932261840504,19.89245446800989,7,reflector,10.791924741448337,-53.8045718291894,0.2061339991596155
compound_00414,3.1983932261840504,19.89245446800989,7,reflector,2.0034231517000496,-52.04173704399555,0.321137350677753
compound_00415,14.498890467743465,38.37268098877304,7,reflector,5.853955425783273,-51.40210885846459,0.2845295996316262
compound_00415,14.498890467743465,38.37268098877304,1,fiber_tapping,5.826136552738584,,0.35043896012046105
compound_00415,14.498890467743465,38.37268098877304,2,bad_splice,11.56906606906999,,1.1655377518707388
compound_00416,19.0444797072756,10.811381441008539,6,pc_connector,5.638012708765447,-13.19126502116439,1.4503910808035543
compound_00416,19.0444797072756,10.811381441008539,2,bad_splice,1.55426007217347,,1.546902294345528
compound_00417,8.96995099226259,33.8877732449363,2,bad_splice,9.555547071064213,,2.3686445126370472
compound_00417,8.96995099226259,33.8877732449363,2,bad_splice,9.088907774457049,,2.878096143061471
compound_00417,8.96995099226259,33.8877732449363,3,bending,9.576744432996273,,4.651656701132571
compound_00418,-0.6520429828037058,38.21830133437223,2,bad_splice,5.26624762180516,,1.8981694322645868
compound_00418,-0.6520429828037058,38.21830133437223,3,bending,5.317100978673541,,1.4984704937644908
compound_00418,-0.6520429828037058,38.21830133437223,7,reflector,29.059481191003307,-53.44434627170922,0.7897497658086594
compound_00419,-4.792292811567732,31.477197298168807,4,dirty_connector,6.551877117855311,,3.5393645205322373
compound_00419,-4.792292811567732,31.477197298168807,4,dirty_connector,6.517025232802659,,1.8512406844405838
compound_00420,3.5464137938222695,23.119078957180506,3,bending,8.011850034476588,,5.631915263668206
compound_00420,3.5464137938222695,23.119078957180506,2,bad_splice,10.453137319933056,,1.818616739727615
compound_00420,3.5464137938222695,23.119078957180506,1,fiber_tapping,3.1344188577780803,,0.26977499980400554
compound_00421,12.388478052537721,35.924635149249326,4,dirty_connector,11.556376809155251,,2.1325068604986273
compound_00421,12.388478052537721,35.924635149249326,6,pc_connector,11.569061436191598,-12.976959643381038,0.7415562379166303
compound_00422,11.790156589660914,22.02955460818766,1,fiber_tapping,12.759413695316788,,0.22771895763023114
compound_00422,11.790156589660914,22.02955460818766,4,dirty_connector,2.5725034540436025,,1.134239492797691
compound_00423,-2.566518223868623,6.033973338346213,6,pc_connector,0.8603667778353212,-12.042771860375074,1.2616952004208237
compound_00423,-2.566518223868623,6.033973338346213,6,pc_connector,3.9689478960066396,-12.276971238910363,0.8354247736901141
compound_00423,-2.566518223868623,6.033973338346213,1,fiber_tapping,0.9182486385732229,,0.12849672421992497
compound_00424,15.816909484025775,29.36610557810794,3,bending,10.6656787309292,,2.7276831140392415
compound_00424,15.816909484025775,29.36610557810794,6,pc_connector,10.704811300774026,-13.11964411099941,0.2739859379198167
compound_00425,4.455465438816729,33.79934009036374,1,fiber_tapping,13.193779966092508,,0.44771555730543366
compound_00425,4.455465438816729,33.79934009036374,1,fiber_tapping,13.200475437507837,,0.37513748800339386
compound_00426,4.892605873083877,18.693149501417565,3,bending,10.261808812570726,,1.132263082170991
compound_00426,4.892605873083877,18.693149501417565,3,bending,10.247537116255664,,5.370091463078682
compound_00426,4.892605873083877,18.693149501417565,3,bending,13.493286288590301,,3.977291247257893
compound_00427,1.5087375533824234,32.11145300431339,7,reflector,12.701308041826017,-48.819272938246634,0.38418393046314614
compound_00427,1.5087375533824234,32.11145300431339,3,bending,6.688964931158257,,4.77471113757809
compound_00428,12.864770053754874,33.703357465342535,4,dirty_connector,11.336573976827996,,3.317971281167621
compound_00428,12.864770053754874,33.703357465342535,3,bending,7.0586346854545665,,2.785060230743456
compound_00428,12.864770053754874,33.703357465342535,2,bad_splice,28.051123705513604,,2.9542425913143693
compound_00429,11.576425247473153,9.2918819312136,7,reflector,4.143880497478236,-42.22935491070592,0.4378606230322869
compound_00429,11.576425247473153,9.2918819312136,2,bad_splice,6.283930014013288,,1.4033633199902618
compound_00430,4.19249086281031,12.940967645662347,3,bending,7.405289249733861,,2.071281759071863
compound_00430,4.19249086281031,12.940967645662347,2,bad_splice,2.6154258520152056,,1.6131379187724135
compound_00431,6.7387189189692265,7.085424531330978,3,bending,2.5813055069611903,,1.2238062989977083
compound_00431,6.7387189189692265,7.085424531330978,1,fiber_tapping,2.6057052033697863,,0.24104027467034134
compound_00431,6.7387189189692265,7.085424531330978,4,dirty_connector,6.250252804020366,,1.9477744905374945
compound_00432,-2.8086720615684135,31.671234438551792,7,reflector,16.72787941780666,-43.78350282135776,0.7743930120392043
compound_00432,-2.8086720615684135,31.671234438551792,4,dirty_connector,14.049731463366747,,2.956287473700771
compound_00432,-2.8086720615684135,31.671234438551792,2,bad_splice,15.439919826294283,,1.1142361734222197
compound_00433,11.763687866447778,5.419510390902799,4,dirty_connector,1.3182099311407265,,1.3153645384689816
compound_00433,11.763687866447778,5.419510390902799,6,pc_connector,1.342566901785794,-11.191091433249408,0.8298105972841323
compound_00434,4.824888203224008,27.896350672091117,3,bending,12.502462533848396,,1.0267868117311614
compound_00434,4.824888203224008,27.896350672091117,7,reflector,12.502573307448085,-47.12572160602203,0.8249667324928157
compound_00435,-0.9357496797167366,38.81990045739761,2,bad_splice,22.815092943974378,,2.363645210557316
compound_00435,-0.9357496797167366,38.81990045739761,1,fiber_tapping,20.58703202471274,,0.150265660893371
compound_00435,-0.9357496797167366,38.81990045739761,3,bending,22.869667192416177,,3.4713000267611744
compound_00436,-2.380290953950699,32.45183445334514,2,bad_splice,3.997358861576423,,1.9594371034415685
compound_00436,-2.380290953950699,32.45183445334514,6,pc_connector,18.453542043069813,-11.804451670160601,1.121597711367363
compound_00437,5.833247947328875,25.471351774778917,7,reflector,6.62927474241568,-53.97848792984748,0.9983479174551353
compound_00437,5.833247947328875,25.471351774778917,3,bending,6.6349785444395595,,5.856115024840927
compound_00438,8.041723710766897,6.486676142623591,6,pc_connector,3.6297302670078495,-11.025519754142515,1.20823709085084
compound_00438,8.041723710766897,6.486676142623591,2,bad_splice,4.941850926915189,,0.9396968755596016
compound_00438,8.041723710766897,6.486676142623591,4,dirty_connector,2.5119410465814678,,2.4642190225988574
compound_00439,-2.796061762774622,9.34572826613353,1,fiber_tapping,3.7214414457643366,,0.44206123624300026
compound_00439,-2.796061762774622,9.34572826613353,3,bending,4.842857093841552,,4.685128955032138
compound_00439,-2.796061762774622,9.34572826613353,6,pc_connector,3.7060122887435245,-11.4976847962113,0.5826515861437098
compound_00440,18.00876210706857,27.86940528406143,3,bending,12.771912341427763,,5.335239393297535
compound_00440,18.00876210706857,27.86940528406143,7,reflector,12.740037277307072,-51.59632677325986,0.9214857605691642
compound_00441,9.226626400733666,39.55502247418617,7,reflector,15.748595149679408,-53.46354116781785,0.18707337257740103
compound_00441,9.226626400733666,39.55502247418617,4,dirty_connector,28.31580187912506,,1.2269290326825955
compound_00441,9.226626400733666,39.55502247418617,3,bending,10.71591485760887,,2.8537295680108166
compound_00442,18.72937791683426,16.929349814721668,4,dirty_connector,6.282340854939452,,3.115236067396083
compound_00442,18.72937791683426,16.929349814721668,7,reflector,9.425609957227614,-42.149397778670355,0.2661858084147745
compound_00442,18.72937791683426,16.929349814721668,1,fiber_tapping,6.291567462909276,,0.16183260970848568
compound_00443,2.7146054016438397,11.632702202556068,6,pc_connector,1.6545246799202395,-12.40872357701699,1.2103406913604506
compound_00443,2.7146054016438397,11.632702202556068,6,pc_connector,6.835500586210532,-13.603995497742401,1.1616406540743411
compound_00443,2.7146054016438397,11.632702202556068,3,bending,7.15854707981908,,1.3789777252027853
compound_00444,-2.4197883930066952,38.30709116769378,6,pc_connector,5.758631789574498,-13.47083637290061,0.6387536242841085
compound_00444,-2.4197883930066952,38.30709116769378,7,reflector,32.13744359982732,-40.44276531587102,0.572345524042644
compound_00445,14.301360778132999,20.0745130780249,7,reflector,10.2543257310934,-54.938545153918305,0.8652945314207016
compound_00445,14.301360778132999,20.0745130780249,4,dirty_connector,9.315994498553469,,2.206223012303186
compound_00445,14.301360778132999,20.0745130780249,1,fiber_tapping,10.253306715779065,,0.26399860653624485
compound_00446,15.606935220708557,37.34362055610866,7,reflector,7.85585715849215,-50.44958810996603,0.3618826453031776
compound_00446,15.606935220708557,37.34362055610866,1,fiber_tapping,11.627784612262666,,0.3021720750928278
compound_00446,15.606935220708557,37.34362055610866,1,fiber_tapping,7.9055370551034345,,0.3616605722374474
compound_00447,-2.66032943428844,34.306841767414376,3,bending,10.428736656474253,,1.303729342449683
compound_00447,-2.66032943428844,34.306841767414376,1,fiber_tapping,30.046237725805756,,0.33492268898389843
compound_00448,4.537532952037173,28.106636945564617,2,bad_splice,4.64517960431209,,0.9850225013337786
compound_00448,4.537532952037173,28.106636945564617,2,bad_splice,4.6696307657634994,,2.093979362703248
compound_00449,-0.989041472285999,24.648542379764134,6,pc_connector,13.482496827777428,-13.337970561232744,1.033689372581937
compound_00449,-0.989041472285999,24.648542379764134,1,fiber_tapping,7.978224736027996,,0.08056920493232783
compound_00450,9.119816512205222,25.772116270341574,3,bending,11.183434394919878,,5.562824807192889
compound_00450,9.119816512205222,25.772116270341574,2,bad_splice,11.171223984238742,,0.6302254859416563
compound_00451,-3.7358996256576833,13.110220666468265,7,reflector,5.438414924121982,-45.76275379035327,0.3164337646293271
compound_00451,-3.7358996256576833,13.110220666468265,7,reflector,5.492787694476349,-53.70846884975551,0.5239934104727332
compound_00452,14.531253859496022,33.43302925894665,1,fiber_tapping,7.466327049086164,,0.06878341193094181
compound_00452,14.531253859496022,33.43302925894665,2,bad_splice,25.27941018549544,,1.2841002713622491
compound_00453,-0.4828661503648979,27.25133981662923,1,fiber_tapping,8.260495816050298,,0.4986450695154742
compound_00453,-0.4828661503648979,27.25133981662923,7,reflector,8.21142937974494,-42.628827927920184,0.923898571357262
compound_00453,-0.4828661503648979,27.25133981662923,3,bending,22.267003909871626,,3.434768681910041
compound_00454,15.441598891911738,24.03874541420657,6,pc_connector,6.467600420316808,-11.650471418346715,0.7128777613309969
compound_00454,15.441598891911738,24.03874541420657,4,dirty_connector,6.778296147053261,,0.6882994096614795
compound_00455,-3.8154335129816985,31.93232588315557,1,fiber_tapping,3.6320077359471887,,0.4651162283927242
compound_00455,-3.8154335129816985,31.93232588315557,2,bad_splice,3.63794612381336,,0.9791559978160305
compound_00455,-3.8154335129816985,31.93232588315557,2,bad_splice,3.619575942163842,,0.3827602040031466
compound_00456,6.510554631456893,34.04766977451619,2,bad_splice,6.276555356626437,,0.8125950762743264
compound_00456,6.510554631456893,34.04766977451619,6,pc_connector,30.268340407495877,-12.02158850950489,0.8218239280575079
compound_00457,16.605663148780177,15.874489174984017,4,dirty_connector,8.16734877090837,,2.3896027506154764
compound_00457,16.605663148780177,15.874489174984017,3,bending,8.12521140315068,,3.900152680197209
compound_00458,3.033141424338858,38.57262258530735,1,fiber_tapping,15.28597200033541,,0.39888227113358526
compound_00458,3.033141424338858,38.57262258530735,4,dirty_connector,15.298757561359388,,1.2980423520443187
compound_00459,10.413231045653713,29.600518410821184,7,reflector,17.180739361493735,-52.612237707316716,0.44877060257429735
compound_00459,10.413231045653713,29.600518410821184,2,bad_splice,16.694275897518605,,0.34414956513721906
compound_00460,3.5464534426552916,31.550572364343306,7,reflector,17.15963796388418,-53.71821962666233,0.2701328922164596
compound_00460,3.5464534426552916,31.550572364343306,1,fiber_tapping,17.18074549483254,,0.13228632680559804
compound_00460,3.5464534426552916,31.550572364343306,1,fiber_tapping,6.3897511450116635,,0.20028683556816335
compound_00461,12.532174673667928,5.5404287421769824,2,bad_splice,1.3413471212770065,,0.8065885854669927
compound_00461,12.532174673667928,5.5404287421769824,7,reflector,4.588841329827436,-42.19941907365784,0.7165109802431505
compound_00461,12.532174673667928,5.5404287421769824,2,bad_splice,1.2878641349331064,,0.9171912011214887
compound_00462,10.81208795419122,18.521444255393824,2,bad_splice,2.775977408502836,,0.746363750999474
compound_00462,10.81208795419122,18.521444255393824,4,dirty_connector,14.960736036243574,,1.5445357484874602
compound_00462,10.81208795419122,18.521444255393824,3,bending,7.03893102622212,,2.932349621761793
compound_00463,0.47077834062166524,28.904465322736918,2,bad_splice,16.387085115455523,,2.773110423066141
compound_00463,0.47077834062166524,28.904465322736918,2,bad_splice,23.120777323340825,,1.9152899108704609
compound_00464,2.8691692167311285,35.86526039539028,1,fiber_tapping,5.370000242716717,,0.3343781687872716
compound_00464,2.8691692167311285,35.86526039539028,7,reflector,30.464134761426987,-46.54435196649608,0.552701913763676
compound_00465,16.92097169298898,12.973600331429843,3,bending,5.210015047790643,,4.005462934297399
compound_00465,16.92097169298898,12.973600331429843,6,pc_connector,1.4872491085601993,-11.895484482722113,1.416836255977916
compound_00466,13.2997085364986,34.685483268969406,3,bending,13.33474316445136,,5.848015438156264
compound_00466,13.2997085364986,34.685483268969406,4,dirty_connector,7.331123383264866,,1.606013766794613
compound_00466,13.2997085364986,34.685483268969406,1,fiber_tapping,13.367166443637775,,0.28355278434440234
compound_00467,1.1563037723815297,8.176941263547455,2,bad_splice,0.869349328916575,,1.677629218588861
compound_00467,1.1563037723815297,8.176941263547455,6,pc_connector,3.9485558840661588,-13.55567008733179,0.625737716166674
compound_00467,1.1563037723815297,8.176941263547455,4,dirty_connector,2.026748175780836,,3.693650243640612
compound_00468,-4.980986629689453,20.582622234247637,2,bad_splice,8.332654227525397,,0.7466161538606092
compound_00468,-4.980986629689453,20.582622234247637,4,dirty_connector,17.056519766623882,,3.0940503628641403
compound_00468,-4.980986629689453,20.582622234247637,2,bad_splice,6.262285490532953,,2.192833380249526
compound_00469,15.662015124099057,13.793824500506195,2,bad_splice,3.9434912320677067,,1.435795561483161
compound_00469,15.662015124099057,13.793824500506195,7,reflector,3.960955502235004,-50.63049962884009,0.599016523376774
compound_00470,-1.494789891694563,11.996859662038492,2,bad_splice,4.977947314878974,,2.6625114381739694
compound_00470,-1.494789891694563,11.996859662038492,3,bending,5.2530522991277975,,1.2741110845186394
compound_00471,7.789540903871,12.210359077476618,4,dirty_connector,6.353535826615353,,3.731159388600673
compound_00471,7.789540903871,12.210359077476618,6,pc_connector,2.2568378037056966,-13.114995276714374,1.3639167779168146
compound_00471,7.789540903871,12.210359077476618,4,dirty_connector,9.581446972182038,,0.8951822034820707
compound_00472,8.338771527096094,25.684025569047765,2,bad_splice,13.354252586581557,,0.4970816927168508
compound_00472,8.338771527096094,25.684025569047765,2,bad_splice,13.331650739607543,,1.4536920143478975
compound_00472,8.338771527096094,25.684025569047765,7,reflector,13.31056171060726,-47.62092198146808,0.20149141336221618
compound_00473,12.870584896738364,30.367322843787885,4,dirty_connector,3.8727252294922825,,2.845938048876909
compound_00473,12.870584896738364,30.367322843787885,6,pc_connector,7.236355056267683,-11.60985748644038,0.8835064861769488
compound_00473,12.870584896738364,30.367322843787885,1,fiber_tapping,20.707241723540164,,0.24040037573875872
compound_00474,7.709999545251316,6.306743444407499,2,bad_splice,3.203676133143395,,0.4870640742042379
compound_00474,7.709999545251316,6.306743444407499,3,bending,3.1634857724308736,,1.6147153055256407
compound_00474,7.709999545251316,6.306743444407499,4,dirty_connector,3.154284383121349,,1.7652260869720346
compound_00475,4.227413819370927,5.927844485056776,1,fiber_tapping,1.485350588366366,,0.3265209326801719
compound_00475,4.227413819370927,5.927844485056776,6,pc_connector,4.0485097539739066,-12.807802603518441,1.256184089567489
compound_00475,4.227413819370927,5.927844485056776,4,dirty_connector,1.76017657924154,,1.3301319426979312
compound_00476,3.7551130006710505,17.74203595039147,6,pc_connector,6.17474897772245,-12.75125447180902,0.5150787244287298
compound_00476,3.7551130006710505,17.74203595039147,3,bending,6.23472101341173,,5.738617544073969
compound_00476,3.7551130006710505,17.74203595039147,6,pc_connector,6.193501783346945,-12.262246220041725,0.30135712844770773
compound_00477,16.56209079751247,32.521156419645706,3,bending,10.734825297705918,,4.357053722864968
compound_00477,16.56209079751247,32.521156419645706,7,reflector,17.444134264290877,-51.78449849714197,0.4451579018991134
compound_00478,17.659718211020422,9.638830799878153,3,bending,1.2094462688949756,,5.870238147343723
compound_00478,17.659718211020422,9.638830799878153,3,bending,7.497957650788226,,1.3256162888680878
compound_00479,-1.3257963172911627,26.309574579194948,1,fiber_tapping,11.362979762913698,,0.299915963956883
compound_00479,-1.3257963172911627,26.309574579194948,3,bending,20.892350033410104,,1.0455747566416784
compound_00479,-1.3257963172911627,26.309574579194948,2,bad_splice,11.317154526252207,,2.1634285073810866
compound_00480,0.7896577879254254,39.85174652487115,4,dirty_connector,16.47026424685482,,3.5855957110455177
compound_00480,0.7896577879254254,39.85174652487115,3,bending,16.458568559305302,,3.5404876751851706
compound_00480,0.7896577879254254,39.85174652487115,6,pc_connector,30.86743023510953,-12.15551062648875,1.202283435496783
compound_00481,-2.339859329177811,35.73794195845942,2,bad_splice,18.47804868269762,,0.6464446805422914
compound_00481,-2.339859329177811,35.73794195845942,6,pc_connector,18.44843309575216,-11.87110185619222,0.8548993363054858
compound_00482,16.371429917964775,13.135618711311256,1,fiber_tapping,1.9695545962798113,,0.10291398441973626
compound_00482,16.371429917964775,13.135618711311256,1,fiber_tapping,4.135954637689466,,0.4868813993897978
compound_00482,16.371429917964775,13.135618711311256,4,dirty_connector,1.9774156083455032,,0.9262231213739776
compound_00483,-1.524688345676271,15.312182140987803,6,pc_connector,3.0793860047090305,-13.352688302784546,1.0287780986641357
compound_00483,-1.524688345676271,15.312182140987803,7,reflector,10.491558918052002,-41.1352415059841,0.23377822027985937
compound_00483,-1.524688345676271,15.312182140987803,4,dirty_connector,7.234662524365674,,3.9113319613496937
compound_00484,5.570506855939543,10.529197715239421,4,dirty_connector,4.294798289073363,,0.8992779067818033
compound_00484,5.570506855939543,10.529197715239421,3,bending,4.249561772187624,,5.242895695592217
compound_00484,5.570506855939543,10.529197715239421,4,dirty_connector,4.245848021019056,,3.825367598959434
compound_00485,13.261817193712595,24.110839096152976,6,pc_connector,12.940303157929966,-12.6168230287717,0.9510906129223387
compound_00485,13.261817193712595,24.110839096152976,2,bad_splice,12.886141930190428,,2.0948239271803097
compound_00485,13.261817193712595,24.110839096152976,6,pc_connector,17.339054973951644,-12.555671855076291,0.8402757045378071
compound_00486,17.821108565777333,24.175165312162125,7,reflector,7.157912673457025,-42.59275652013578,0.5452092396822401
compound_00486,17.821108565777333,24.175165312162125,3,bending,14.958852632604762,,2.919104448520202
compound_00487,2.1601883629828196,23.66718813673103,2,bad_splice,10.674627506266352,,1.6523120685476034
compound_00487,2.1601883629828196,23.66718813673103,3,bending,10.623785406367555,,1.7646214023510154
compound_00488,4.866012008017661,37.139426127698414,4,dirty_connector,7.67492719391363,,2.560173590916434
compound_00488,4.866012008017661,37.139426127698414,4,dirty_connector,22.88038905489436,,2.853859697934224
compound_00488,4.866012008017661,37.139426127698414,1,fiber_tapping,7.668538968359084,,0.05990244451976967
compound_00489,-2.70553369621289,30.303401938205322,4,dirty_connector,8.732349850284312,,1.691157537577797
compound_00489,-2.70553369621289,30.303401938205322,3,bending,8.765316386787456,,5.290680925472506
compound_00490,6.578197608438806,12.723271969293965,2,bad_splice,5.327324533967879,,1.4738833424117173
compound_00490,6.578197608438806,12.723271969293965,7,reflector,5.371111027763504,-47.665493534901124,0.950445376353137
compound_00491,10.58877430439987,28.51319406998299,6,pc_connector,8.32267861903877,-12.558203322686602,1.3304375630706589
compound_00491,10.58877430439987,28.51319406998299,2,bad_splice,8.294651379037862,,1.1947568794002568
compound_00492,5.387608641082014,14.243885203180996,2,bad_splice,3.2708940385925036,,2.4325014762235724
compound_00492,5.387608641082014,14.243885203180996,2,bad_splice,3.2613172641973516,,0.9594734823492632
compound_00492,5.387608641082014,14.243885203180996,1,fiber_tapping,12.248803402529042,,0.2700776296787161
compound_00493,5.283198841180811,12.189312774054343,4,dirty_connector,2.409286844119565,,2.083181884489057
compound_00493,5.283198841180811,12.189312774054343,4,dirty_connector,10.252643260016555,,0.6368618202359116
compound_00493,5.283198841180811,12.189312774054343,3,bending,10.942609842707988,,3.63516581850263
compound_00494,-3.0286645905764114,38.770482423882825,3,bending,10.639961949763576,,5.922868495366895
compound_00494,-3.0286645905764114,38.770482423882825,3,bending,10.682875721532653,,1.2269948527809702
compound_00495,-3.7210248865694084,30.720657519803655,7,reflector,8.094654734145942,-43.046471268740696,0.8422278292498824
compound_00495,-3.7210248865694084,30.720657519803655,3,bending,8.100527541314104,,4.732153245612691
compound_00496,10.586406489343199,11.636792505593299,4,dirty_connector,5.072106194785617,,3.5176480905819285
compound_00496,10.586406489343199,11.636792505593299,1,fiber_tapping,5.014498621426951,,0.14975793021092504
compound_00497,4.31502445481523,22.07676231686774,4,dirty_connector,2.910796938181619,,3.3648139653493168
compound_00497,4.31502445481523,22.07676231686774,6,pc_connector,3.561198094944646,-12.649083817224554,0.3341107456919348
compound_00498,-0.5327898899796111,19.218302804016552,7,reflector,5.720822335938419,-42.003179541056774,0.8377232946600932
compound_00498,-0.5327898899796111,19.218302804016552,2,bad_splice,8.007849495935119,,2.9728034081395953
compound_00499,-3.81323529515601,23.431806661864087,1,fiber_tapping,6.707764367766304,,0.4636599780923369
compound_00499,-3.81323529515601,23.431806661864087,6,pc_connector,3.7003721384942363,-12.219954990507201,1.106821884211008
